T,pH,F1,F2,F3,scale,observed_Y,cost_eur,cumulative_cost,source
57.02052481757057,5.752336708533056,0.8341772471199913,0.4674669917527432,1.7249945471514794,0,0.20020599420382543,10.0,10.0,lhs_seed
53.842421937407174,7.405407962267696,0.5458235567746496,1.5301383986922903,1.898621316671968,0,0.1876366754003233,10.0,20.0,lhs_seed
45.19235772849608,4.275926376798671,0.27259619266723545,0.6973808545586918,0.1656153309056317,0,0.10363801898046021,10.0,30.0,lhs_seed
35.57517407725739,8.734061031720284,1.194112506974074,0.22306997218120636,0.09779377842362941,0,0.13641723928413638,10.0,40.0,lhs_seed
59.24096115930944,7.574735204698956,0.8690884477756513,1.0142334668914659,1.0159571113181796,0,0.13435161502368617,10.0,50.0,lhs_seed
43.44733978884313,4.639583985233196,0.07762837513155384,1.5697969775727225,1.9485777218834515,0,0.1419436824337634,10.0,60.0,lhs_seed
34.409298374269724,4.980840218785414,1.534045443516547,1.6168421136233666,0.5426995938991908,0,0.14998644673322659,10.0,70.0,lhs_seed
26.833580072072195,3.066082029050793,0.524053741325517,0.7750310053636515,1.719884463856183,0,0.1827115255103073,10.0,80.0,lhs_seed
47.512743381277915,5.206810127013613,0.17430042926598063,1.1893643455533027,0.7068637235988884,0,0.10559187830365964,10.0,90.0,lhs_seed
26.11582157315965,5.667984430642919,1.0578546955084527,0.0011869907901405341,0.3374307016986798,0,0.1491460981011528,10.0,100.0,lhs_seed
46.808831292329316,4.07491950327786,1.481105874798863,1.2947419227606458,0.5813781429293468,0,0.1367843382872554,10.0,110.0,lhs_seed
39.38967141688979,5.056896103634948,1.1106929933449974,0.3295584117996732,0.6760460672638486,0,0.13427804120357528,10.0,120.0,lhs_seed
20.778059775246383,7.340558213065461,1.2791042446092271,1.4507222730948501,1.6961025214896077,0,0.17784699994335737,10.0,130.0,lhs_seed
38.501136470022246,3.229210767943909,0.8930126355567833,0.9207037515004065,1.2926564529275801,0,0.18695462891466333,10.0,140.0,lhs_seed
34.91062406635147,3.854631377438176,0.09236915592129552,1.383323519838468,0.20274540748752348,0,0.10702897545586881,10.0,150.0,lhs_seed
23.07677056280101,8.612249117512695,0.3648612716563242,1.8691441707369032,1.5630292778460881,0,0.180565339689013,10.0,160.0,lhs_seed
23.61912568984708,7.546680246042939,1.8908977139006828,1.145982952914562,1.2088673278687336,0,0.15073459550940954,10.0,170.0,lhs_seed
50.2432908288475,7.739300369504516,1.2164200650515598,1.3160539397218625,1.5190298740617982,0,0.17141045854833095,10.0,180.0,lhs_seed
43.80689699963042,9.076681275284846,1.9759617718675255,0.5692852624570367,0.8667170708840384,0,0.15753272220981296,10.0,190.0,lhs_seed
59.04237085164364,8.468524608801516,1.3937941356321166,1.7512448154028781,1.0943783450645237,0,0.15868572586585605,10.0,200.0,lhs_seed
36.01555094563868,5.352831357097648,0.047197952647286906,1.7734365353299089,0.9387306244465254,0,0.13172718237841538,10.0,210.0,lhs_seed
31.191086902384626,3.439786948312009,0.7449635095002084,0.6685249565429197,0.8113044110233664,0,0.11771301094388595,10.0,220.0,lhs_seed
25.66650700552374,8.119511625750498,0.8513670499799914,0.39497679804119334,0.02017993602082223,0,0.14225444027014394,10.0,230.0,lhs_seed
42.89897103264086,5.4880868658737585,0.604943689407044,0.8123269767862717,1.8713546544767055,0,0.1738800502813638,10.0,240.0,lhs_seed
57.49034548435537,4.905197143075145,1.9059788090958059,0.15700003244158078,0.4970015453287552,0,0.1632823564575935,10.0,250.0,lhs_seed
53.29826258822456,5.660260329964595,1.4358877604691154,1.336064308040059,0.5303252299101578,0,0.12072849187333567,10.0,260.0,lhs_seed
50.57602512491873,4.814806950811173,1.0171578854798846,0.9545523843222082,1.992269530717155,0,0.20830143823626354,10.0,270.0,lhs_seed
31.358294901278263,7.258606508950547,1.6477834626249128,1.926939619729944,0.5079017245161687,0,0.1413895592422536,10.0,280.0,lhs_seed
23.291136782054863,3.3416053902725835,0.480216425809382,1.4940515276926243,1.277019182446638,0,0.15843760819324768,10.0,290.0,lhs_seed
28.6054195045291,8.56412912853737,1.8794486664036254,0.30885587097444944,1.1277572128463236,0,0.15112225723182582,10.0,300.0,lhs_seed
28.915995646470982,4.181544287928126,1.1471850922238742,0.6211061123647664,1.3854095949311667,0,0.18425061092499148,10.0,310.0,lhs_seed
42.42355500403582,8.171711258321238,1.6704160858986687,0.09034645090304576,1.1750041858696143,0,0.19200653234667014,10.0,320.0,lhs_seed
39.80518937639777,5.9894656836830364,1.9443089560971485,1.908022715122928,1.1923917050198312,0,0.1813272997308094,10.0,330.0,lhs_seed
49.002661746000996,7.438380647605341,0.737372704568425,0.8498664570442245,1.0692010129800857,0,0.14007838007903148,10.0,340.0,lhs_seed
54.532113612461146,3.1459820860928764,0.011418185443807669,0.7038697618914911,1.2352513236270781,0,0.1382532656437404,10.0,350.0,lhs_seed
32.6912534652511,9.043114244462307,1.581676329426689,0.205300388818455,0.18134907755377866,0,0.14673871747025846,10.0,360.0,lhs_seed
35.78815546427383,8.23350258129263,0.19648313403942197,0.06610843403337738,0.26436720004245445,0,0.20317642838632494,10.0,370.0,lhs_seed
55.265714210672535,7.177966192983288,1.2403090619268682,1.830124169296888,1.4666352506534757,0,0.194643906605273,10.0,380.0,lhs_seed
48.434291184516034,5.109033409156854,0.3269412169097049,0.6450892741935464,0.9424281534194467,0,0.1355148981051783,10.0,390.0,lhs_seed
29.81591480799182,5.271849443917494,1.0213751131662194,0.2557775974957555,0.3477488020731301,0,0.12334388896137172,10.0,400.0,lhs_seed
29.37566558517976,3.7545309119134105,0.1128725843187726,1.068513039474104,0.7711465193033102,0,0.12612634809287,10.0,410.0,lhs_seed
48.0225573321882,7.036701043976038,0.955729166623372,0.5240585943029554,0.07067359569830339,0,0.13204441230583538,10.0,420.0,lhs_seed
56.55345841255531,8.061671997802339,0.688965806942428,1.5469568808896352,1.6561368450799003,0,0.1756556303818367,10.0,430.0,lhs_seed
46.41002228220227,8.443051295616169,0.4517549450794405,1.241245104703595,1.038019076017765,0,0.13486648903311163,10.0,440.0,lhs_seed
41.22867368634715,9.419482938392374,1.163962004528702,1.2024348950221704,1.3058415708941769,0,0.19197929734320243,10.0,450.0,lhs_seed
20.290310089734543,6.63192229349813,1.7949009240194442,0.8829614992857263,0.8223871401224669,0,0.15116851036628898,10.0,460.0,lhs_seed
22.420976701444353,8.860487771673522,0.7137296750839986,1.2268916787272672,1.6302125328772379,0,0.13777075418030815,10.0,470.0,lhs_seed
41.70404095410326,6.261777986878243,0.032482251808016234,0.9747976508877909,0.698068481921508,0,0.12740693753607193,10.0,480.0,lhs_seed
33.45750537123308,5.3164659112747765,1.5419361140503358,1.0275457834447286,1.6638931210603567,0,0.2152333235956218,10.0,490.0,lhs_seed
45.75343242323166,6.889847778459377,0.6753896838561922,1.6683274492960325,1.5944022358245191,0,0.19706074501467424,10.0,500.0,lhs_seed
21.101432594393664,6.562763101173011,0.2165858897542989,1.6931771920990948,0.4050671688610072,0,0.09788632383831834,10.0,510.0,lhs_seed
27.563972247044706,8.70576497575031,0.12536377479362681,1.1614419951336312,0.9987413083140325,0,0.14823145015176883,10.0,520.0,lhs_seed
40.11830775751903,6.662583190322115,1.5053199839350855,1.4283329820339594,0.04529288398852068,0,0.10588960611087508,10.0,530.0,lhs_seed
58.20168811025021,6.19639906072007,0.4225428388820841,1.4644651390427257,0.5663890021017096,0,0.1452995737799683,10.0,540.0,lhs_seed
54.127619641693755,5.5445223374760895,0.2828373582329951,1.9409027925017344,0.10242088877607695,0,0.11873560229270458,10.0,550.0,lhs_seed
47.933995270412936,9.283359202416854,0.9275427431272596,0.44458586217471124,0.14960833093555675,0,0.14883436044395693,10.0,560.0,lhs_seed
27.961456934243543,4.5887697725906165,1.621860867400169,0.5901834040454886,1.7533346778100003,0,0.197434080779578,10.0,570.0,lhs_seed
21.807177783015693,3.0268768770980095,0.3475611332559619,0.1057336921230144,0.9760531217836278,0,0.1346793296682211,10.0,580.0,lhs_seed
45.271203462999374,8.2941282390195,0.9628283992850397,0.29967598092684816,1.4542649219359751,0,0.18024144640806755,10.0,590.0,lhs_seed
24.007780590615873,6.489546931891982,0.7930170232235466,0.8257823998076731,1.8037328668344461,0,0.22221297621248307,10.0,600.0,lhs_seed
22.06062280316575,6.709067234210666,0.46063673641002767,1.0525092615897835,0.13817071772014802,0,0.12443104049360283,10.0,610.0,lhs_seed
57.69728318316134,3.487617114733111,0.6444955707407358,1.092945144518493,0.6588650953706443,0,0.14038370301024994,10.0,620.0,lhs_seed
40.449088587233426,7.808015526789187,0.8180012340271887,0.7327725744732123,1.8589069952072788,0,0.20913494525669546,10.0,630.0,lhs_seed
59.72640351119783,3.63152893186373,1.0686891148876567,0.5440457240054232,0.7876978167157579,0,0.13866603957870033,10.0,640.0,lhs_seed
44.26921426311196,4.841519689792051,1.8447365990311484,1.374211922535872,1.4059921144680794,0,0.18846894518419874,10.0,650.0,lhs_seed
49.80647260174649,5.41928932596614,0.25480983345515135,0.43535239798606673,1.4282928538543542,0,0.1388769026048338,10.0,660.0,lhs_seed
41.038351572639556,3.8179137771203835,0.4097535030937326,1.5151788928034153,0.23979997570314712,0,0.10955394058922505,10.0,670.0,lhs_seed
34.15824216190657,6.162064868103714,1.9965884627851274,0.18837509871830904,1.7746656469358928,0,0.23399553698202186,10.0,680.0,lhs_seed
55.071165936331695,6.7850735940256115,1.8158177776968314,0.26281555898971165,0.013467300663090041,0,0.15940272814991108,10.0,690.0,lhs_seed
31.92619817722199,7.1575896875400025,1.4091884071239256,1.65749406201711,1.9251047161614474,0,0.22642770259846265,10.0,700.0,lhs_seed
33.13232589514586,4.315555808523256,0.3807279171231337,1.7253234622523808,1.0445705259044495,0,0.14705082658019542,10.0,710.0,lhs_seed
37.83542910402683,8.3503160304733,0.620162083696307,0.7432883994501516,1.2450741647327,0,0.18335321336425306,10.0,720.0,lhs_seed
52.618600637590625,3.9875259713352027,1.1306942930564512,0.036557184602945755,0.4203570136081833,0,0.13781384954252038,10.0,730.0,lhs_seed
21.222493568354466,8.920738788317728,1.4491901771671534,1.1334373803459599,1.5473520256549325,0,0.19324575370862768,10.0,740.0,lhs_seed
25.53846810962975,5.815698709249082,1.7194419323699943,1.8142510170826172,1.617548198720829,0,0.13952453137403592,10.0,750.0,lhs_seed
28.19327891383261,9.227459267169085,1.578234954012131,0.5085224857407493,1.9153065945988146,0,0.19787296445359137,10.0,760.0,lhs_seed
52.00115458977947,4.1247642145171515,1.8314529578161192,0.342974467135597,1.1048533054799525,0,0.13627912848013013,10.0,770.0,lhs_seed
51.05776404788982,3.686645132401102,0.5687218723904003,0.41452453363987324,1.3241926169945821,0,0.18847257395073336,10.0,780.0,lhs_seed
33.88552001707383,3.965572150255494,0.23892030820143567,0.8677625960387343,0.2514649115783992,0,0.11846689932037173,10.0,790.0,lhs_seed
25.076915330583052,3.533424782323716,1.7328683811188543,1.6295670033041194,1.8207080953275503,0,0.1770642988880997,10.0,800.0,lhs_seed
30.304809772143855,9.36634169157313,1.6107620413151071,1.7093681375666891,0.4577847074606012,0,0.1357409208851876,10.0,810.0,lhs_seed
36.47312663457379,6.101216828782107,0.15591163455467855,1.5895418599167273,0.474875790396412,0,0.13117948154183087,10.0,820.0,lhs_seed
46.11878612999341,7.925445859623184,1.472737866859935,1.7911915206340827,0.9172441122841635,0,0.19822659619370248,10.0,830.0,lhs_seed
58.68101601456719,4.522823154878634,1.3357012912779953,0.12899576888869954,0.6184851186637852,0,0.13984864684444864,10.0,840.0,lhs_seed
37.31793737044633,5.900203266657906,1.7486267579470407,0.608209454167797,0.3771842947939191,0,0.16640831929605682,10.0,850.0,lhs_seed
49.52720272123536,7.635250276676225,1.2297965211852708,0.909550843394252,1.7869049488850477,0,0.18429930914859974,10.0,860.0,lhs_seed
32.058429017785706,6.356623678102515,0.9015316041879968,1.1049208672658688,1.491598289030194,0,0.17446000180539442,10.0,870.0,lhs_seed
42.32990423420466,7.9489457717707666,1.2886471658035767,1.8903230133510758,1.3724992559907463,0,0.17415456488044057,10.0,880.0,lhs_seed
56.36269019329625,6.414923039253301,1.7702596049085324,1.4002044598580854,0.31232999142243467,0,0.11875559565248159,10.0,890.0,lhs_seed
26.59147136601893,9.484062241606868,1.3527355940028263,1.2620575454368796,0.7214024922825039,0,0.12283257819103993,10.0,900.0,lhs_seed
38.918179670732805,3.293122989705022,0.5904781967416014,0.3774399078146823,0.7533405529907843,0,0.1380915384012892,10.0,910.0,lhs_seed
53.02962654807112,7.852515157500425,0.7606197522004351,1.3472043323622458,1.5265526670771326,0,0.1616293318050493,10.0,920.0,lhs_seed
44.778893908937455,8.791449040353625,0.9811122688759045,0.048983845896327614,0.6270232364962078,0,0.14496309725893525,10.0,930.0,lhs_seed
24.63100028728157,4.419309695274885,1.3671073945994079,1.8522912258337334,0.8452956865729179,0,0.15941235656282526,10.0,940.0,lhs_seed
51.51414962861216,4.479945715520461,1.3178670596849629,0.16545060229796577,1.349878299652077,0,0.15377326547500014,10.0,950.0,lhs_seed
30.472748292443672,6.964214104646146,1.9399699825641417,0.4806265338783898,0.2976896215811255,0,0.10058985120425179,10.0,960.0,lhs_seed
37.10286833482925,4.732786070681481,1.6997983021233696,1.9647980853858906,0.3848487291665938,0,0.15566550394289072,10.0,970.0,lhs_seed
55.80445500224429,6.018319364424543,1.0967432980611553,1.9946128532880012,1.9647610911253202,0,0.20695284257614643,10.0,980.0,lhs_seed
51.86927999215568,6.987095234661656,0.5088011268163491,0.9940241922947166,1.1471215972058877,0,0.11748194692246021,10.0,990.0,lhs_seed
38.39599016217945,9.116996163830361,0.30814782420622455,0.794129995288512,0.8862183373940203,0,0.13409877113877905,10.0,1000.0,lhs_seed
33.153330095418696,7.19021976265673,1.3996958307065048,1.3034611917203758,2.0,2,0.21358271034535967,10.0,1010.0,bo_loop
31.15591861187314,7.047920185452081,1.3426550439007006,0.849680542777404,1.9504022725329935,2,0.21247481545240776,10.0,1020.0,bo_loop
36.42484326832742,6.107971148897791,1.5096734004701624,1.0519295759973855,1.9826103530962642,2,0.23986379968225438,10.0,1030.0,bo_loop
37.8355062618055,6.4442032000612395,1.814973272174635,0.9482121812288725,1.8695271490244285,2,0.18396160067958303,10.0,1040.0,bo_loop
35.9414409587281,5.554686882472684,1.2627165210125737,1.1101192268405715,2.0,2,0.3289784089596689,10.0,1050.0,bo_loop
35.36369386196861,5.097573877027444,1.0501846051614963,1.1604667437838605,2.0,2,0.2493644851155505,10.0,1060.0,bo_loop
37.70966817518982,5.625197479349243,1.2035388203709527,1.029970881792143,1.9299939527099765,2,0.2237668947412417,10.0,1070.0,bo_loop
33.75546613493201,5.481407024180834,1.3171039619875193,1.2008279594105513,2.0,2,0.25150016413682225,10.0,1080.0,bo_loop
39.795113727066045,5.546571534402304,0.9690096410974403,1.3504767689361576,1.9916628946990564,2,0.2005459088377314,10.0,1090.0,bo_loop
28.41045632305321,8.520660928910836,1.320566171977232,1.1457420038902628,1.992102650049496,2,0.20770992613592976,10.0,1100.0,bo_loop
26.6899796405044,8.524015129520688,1.4362002112150327,0.586405706947458,1.7583835071917175,2,0.18300075031465252,10.0,1110.0,bo_loop
32.11812442174808,8.705297813930212,1.7839739548818516,1.0907757705963315,1.9495245520716968,2,0.20873340519058758,10.0,1120.0,bo_loop
28.289225756935643,7.534045936570005,0.9286772350742916,1.1375988910985242,1.926064995432804,2,0.18052169714381527,10.0,1130.0,bo_loop
36.13648891927218,8.037103986227095,1.0422956168980753,1.4119165662994497,1.8686167912316727,2,1.055977104291752,10.0,1140.0,bo_loop
37.02188710564436,7.4103548122399445,1.053261474761828,1.3219452163858485,1.6537011066817655,2,0.3177920357223986,10.0,1150.0,bo_loop
37.77601356031084,7.889800953828896,0.8863316718810095,1.9252493600583767,1.8983238111418874,2,0.2686089420973848,10.0,1160.0,bo_loop
39.02167424937103,8.987838878709175,1.2718001467804885,1.3240785867038452,1.9556086211476944,2,0.20376101650020642,10.0,1170.0,bo_loop
34.84696372305086,8.830040358702739,0.8556723753598969,1.4805003773179826,1.5503353995196172,2,0.2620407448289319,10.0,1180.0,bo_loop
38.15665859702372,7.568112545395338,0.8353051385869585,1.5757038727370956,1.79597006416645,2,0.18109568782912597,10.0,1190.0,bo_loop
31.677206735087147,7.481305089799142,0.9633361339715807,1.6384810580201563,1.9359797163775645,2,0.1830180892356521,10.0,1200.0,bo_loop
36.59798285147683,7.606565529158384,0.8185371635712029,1.0414361795063196,1.8827623570993022,2,0.5503472112240387,10.0,1210.0,bo_loop
42.55781337066481,8.787840483807354,0.8718503488594187,1.7425739618879097,1.9478072658419048,2,0.19614008497196295,10.0,1220.0,bo_loop
34.86736580261898,7.945508384122113,1.1824718334884787,1.672524291039702,1.9433279485907302,2,0.6597640320378029,10.0,1230.0,bo_loop
28.740520405314665,9.203416617635508,0.8650338395945723,1.4324377176014975,1.9968514022267099,2,0.19233381565268684,10.0,1240.0,bo_loop
39.69373673956949,8.12341927120093,1.0096839034278242,0.81640582937371,1.7057185042461303,2,0.19971343247286205,10.0,1250.0,bo_loop
35.391420250257426,8.731378480975117,0.8750111731510715,0.9097750489211458,1.979308088551429,2,0.3536684060758751,10.0,1260.0,bo_loop
36.106721568445266,8.14963235406527,1.0432075085971724,1.3725276214443267,1.925977235669106,2,1.0552055301578986,10.0,1270.0,bo_loop
33.17465523091404,8.002601367361907,1.6262184008064255,1.496825965093924,1.5259728575093028,2,0.24056500336480321,10.0,1280.0,bo_loop
35.940454250152534,8.16848535516914,1.0699966067237638,1.4068941222186626,1.8734704102243571,2,1.0588652463137256,10.0,1290.0,bo_loop
40.098873458824286,7.5041562222018054,0.9792289621217998,1.1504753091262188,1.9783650053135613,2,0.2181617416570368,10.0,1300.0,bo_loop
37.69901388567258,8.069991928956323,0.28992561720054466,1.1747028301266529,1.9405104935132402,2,0.19681523792435235,10.0,1310.0,bo_loop
38.76472534693832,6.827092442604468,0.6230944466444988,0.6425227693812512,1.4671363248637794,2,0.2126637993092788,10.0,1320.0,bo_loop
37.47529720197353,8.386513018462367,1.0093766022397754,1.6595213906082507,1.9351499497180076,2,0.28942844454807076,10.0,1330.0,bo_loop
32.96293264438289,7.814798982727249,1.2579329967218242,1.5559809767715522,1.8383297940089394,2,0.2135500676851952,10.0,1340.0,bo_loop
49.13171238024253,8.57217933528193,0.7673043331669478,1.6708119460840616,1.7971363993951879,2,0.13581405525557055,10.0,1350.0,bo_loop
35.66319376791405,7.563512913166856,1.8855273178997418,1.0972495463829075,1.321092981601974,2,0.5330256571583023,10.0,1360.0,bo_loop
38.659248196574815,8.170493633105764,1.3299255333425821,1.8302301627433823,1.9556653964894388,2,0.2104192325064966,10.0,1370.0,bo_loop
27.28237149643615,8.609869528008733,1.6724970794218292,1.4900381256221074,1.19213715275691,2,0.14302812502633683,10.0,1380.0,bo_loop
28.75653715453967,7.3539982944893,1.8178612775116618,1.0797809532551788,1.478011624552801,2,0.16627652010053823,10.0,1390.0,bo_loop
37.18962253750754,9.020620347663705,1.7837674228907416,1.113220549133368,1.264197848250281,2,0.20574079002447365,10.0,1400.0,bo_loop
40.46185891330075,6.732758419891985,1.6260390405469993,1.2388572690965902,1.123012911324926,2,0.14209098982062757,10.0,1410.0,bo_loop
41.254132831257245,7.737825046627409,1.9223896539521257,0.8632709826716087,1.4920412952799051,2,0.18562982762305058,10.0,1420.0,bo_loop
33.83311270129347,7.767362336879455,0.9416099934734081,1.2642513722375806,1.7191443573619656,2,0.2646538241442173,10.0,1430.0,bo_loop
39.0471074222967,7.677988030351929,1.97539208473745,1.499075925322026,1.231428115644414,2,0.1970512594197112,10.0,1440.0,bo_loop
25.26127444556236,6.051464615489731,0.6242799928180798,0.8286258232946297,1.9124070403657243,2,0.17889852797104983,10.0,1450.0,bo_loop
35.80923711332997,7.153104032867611,0.4348053097940967,0.5856783354595252,1.8504146538506587,2,0.3058816072038093,10.0,1460.0,bo_loop
45.753014778096016,8.509397446213136,0.5463531788225613,1.982506641312016,1.8787000026366745,2,0.18088489629673613,10.0,1470.0,bo_loop
25.827720611193065,8.308453516954327,0.5027416510272633,0.6116143999581349,1.772470884398211,2,0.17299887617898466,10.0,1480.0,bo_loop
44.23268297716085,8.502196001398051,1.0055565126647315,1.4032927458163713,1.5258543089848609,2,0.19969636699047333,10.0,1490.0,bo_loop
37.323058779932445,6.382128320937882,0.4411090090157175,1.0025462289367213,1.9150694117990215,2,0.17054362545416513,10.0,1500.0,bo_loop
35.127144698223105,7.430504615771627,1.775662701389026,0.6155748421230571,0.7205342099530556,2,0.29579589103250903,10.0,1510.0,bo_loop
33.59114330137605,6.072102607306334,1.9613035159354513,1.1031607148024347,0.8290901517426819,2,0.13109375120416275,10.0,1520.0,bo_loop
44.44946997761167,8.644471313820315,0.44273979021329035,0.767500238160868,1.813549679944468,2,0.16689943570837418,10.0,1530.0,bo_loop
39.86577704814808,7.886412446935603,1.1233543742323462,1.4402727199574576,1.677886313217555,2,0.1879274541902541,10.0,1540.0,bo_loop
45.87693650682541,8.696856031984495,0.9850153011191125,1.542144794560496,1.0024154298299337,2,0.18736125395226463,10.0,1550.0,bo_loop
51.08823930842068,8.607604592799817,0.8246652628613091,1.0285420055690464,1.2347458520681671,2,0.18369546320762614,10.0,1560.0,bo_loop
32.60283741089619,8.313768974526383,1.9539088480496303,1.3620421010338877,1.4671573712407988,2,0.16833645161615107,10.0,1570.0,bo_loop
37.28421427913642,7.8127964589114285,1.0126555654785472,1.4630550261206412,1.9337927882611705,2,0.33381203544137,10.0,1580.0,bo_loop
33.541178826161335,7.013482835245433,1.394435070714259,1.94914169785138,1.810224030169547,2,0.25003529190592344,10.0,1590.0,bo_loop
43.95185787368084,9.457135964559782,0.7686530793169086,1.3386590848412714,1.894729603669845,2,0.16325538032397258,10.0,1600.0,bo_loop
50.637266697562985,4.8819247601647735,0.9341320796562089,1.8508688706878826,1.8837881773297058,2,0.18800935784181966,10.0,1610.0,bo_loop
32.63508769483151,8.080243754127316,0.9595783298255998,1.828469517676498,1.8473232358949956,2,0.26537322593246204,10.0,1620.0,bo_loop
38.58597378864059,8.969889915100628,0.894897482695225,1.171121627015267,1.8181197974115433,2,0.24047876679876531,10.0,1630.0,bo_loop
30.117556199258622,8.001291704361808,1.7993915743606022,1.9210747692031884,1.3407818082741427,2,0.17875994177590895,10.0,1640.0,bo_loop
38.28206842168604,9.138814249256342,0.7333637071948718,1.7254465262573215,1.6693053625191485,2,0.20511972236269072,10.0,1650.0,bo_loop
39.98876010419366,6.427408028401215,0.684220041281073,1.8229477656262407,1.2734755972337446,2,0.15664649043747195,10.0,1660.0,bo_loop
32.231022711966716,6.462728284738345,1.531597897825851,0.1759330995086148,0.9829906566941569,2,0.17439730262984074,10.0,1670.0,bo_loop
42.53065735010595,4.026700450780838,1.1528272695285147,1.406577315352102,1.8323474013762706,2,0.23608638113986283,10.0,1680.0,bo_loop
33.66489463974304,8.314354789419411,1.960312089165793,1.061984103061613,0.5178827291175767,2,0.20294397459871563,10.0,1690.0,bo_loop
44.11105270146361,8.969039032593734,1.4200112998774026,0.9270989921098562,1.9019023414295588,2,0.24142941853147457,10.0,1700.0,bo_loop
34.0226135635535,7.390685001846528,1.581161320753491,0.9138650611323205,1.0577154325916138,2,0.21181864230329453,10.0,1710.0,bo_loop
34.97280819741978,7.306896169827743,0.8946186457671017,0.17361619181097754,1.884227857312457,2,0.33740616707244364,10.0,1720.0,bo_loop
43.705957591464184,8.60919744679461,0.8981724149119013,0.111113810906049,1.9894534809696074,2,0.19626006405913288,10.0,1730.0,bo_loop
42.50912173735968,6.604518574664346,1.2606363571996373,0.05406078363760769,1.9379216701156141,2,0.19325892959932128,10.0,1740.0,bo_loop
28.96872893317786,7.258477643109639,0.4164120542699776,0.014870392134140653,1.5543958851785846,2,0.13319385003442993,10.0,1750.0,bo_loop
44.84008967092461,4.202542858307801,0.5568727275505949,1.433337035273529,1.9112090985298646,2,0.16476411110611466,10.0,1760.0,bo_loop
34.6894541999825,7.99612474734574,1.0322154503656944,1.2791223244497154,1.9218684081019357,2,0.56331145188247,10.0,1770.0,bo_loop
21.60389589489306,8.310279771329025,1.4576613320876437,1.3574421589669599,1.9309309030993205,2,0.2005949036961098,10.0,1780.0,bo_loop
30.022532296053758,9.478475487395132,0.9834979180907468,0.49538294596077814,1.9786652144536576,2,0.22301322712831867,10.0,1790.0,bo_loop
24.36200882358601,8.257737089204056,0.4343814727841271,1.2097285419842816,1.9846910727997273,2,0.214081953305978,10.0,1800.0,bo_loop
22.27752596600798,6.323988329455418,1.123758847224631,0.9118550627376929,1.5975830129041038,2,0.16817676916050397,10.0,1810.0,bo_loop
41.80886373639674,8.021980322736791,0.7298345846868861,0.9995746138565702,1.7719935032230791,2,0.14651674101407713,10.0,1820.0,bo_loop
36.77798160795686,8.296460302834149,0.8856115160177835,1.3993415578751802,1.8140046730187773,2,0.5302805932938047,10.0,1830.0,bo_loop
29.981084500348693,8.777462214603187,0.5795098071696649,1.7154894103687768,1.2224170864373713,2,0.16346814764247536,10.0,1840.0,bo_loop
36.872424275041496,9.39015272917996,0.789018564795343,1.5271134009907914,1.216664720413308,2,0.15935215104653805,10.0,1850.0,bo_loop
40.4044255781715,6.789145980779799,0.38728149335090545,1.66788403852864,1.728024633333107,2,0.1399341444936156,10.0,1860.0,bo_loop
35.1978353624848,7.6891890908161376,0.9012222463039057,1.586660738808909,1.6228441822788835,2,0.535436065454037,10.0,1870.0,bo_loop
32.562700550799896,7.425237152155547,0.4480874525630063,0.9743885355090398,1.6076963882996786,2,0.16488311251899124,10.0,1880.0,bo_loop
25.618306961502007,6.970875358415384,1.0232712072036287,1.0255439654184262,1.8796093352159036,2,0.18115010373973964,10.0,1890.0,bo_loop
34.92733101505958,8.221538436210311,0.8271025378187205,0.6903486590067338,1.980168043801296,2,0.6269300285809567,10.0,1900.0,bo_loop
33.802682513789634,6.8023442535191805,0.9718249381136304,0.5366523061483919,1.9262355515460103,2,0.21477130874416217,10.0,1910.0,bo_loop
39.23328868240486,8.525458329636322,1.0626520765865477,1.2382304933801929,2.0,2,0.1868387345680296,10.0,1920.0,bo_loop
37.57082548551634,9.5,0.7579985160105187,0.8726622890759339,1.8323043482850585,2,0.19777905072529525,10.0,1930.0,bo_loop
23.51440016956611,7.726515663427409,0.7826081540854775,1.058656450188956,2.0,2,0.23251736939370335,10.0,1940.0,bo_loop
26.5394992908162,7.76004069301837,1.6365531584108086,0.8489990169677815,1.9381734386982126,2,0.1994431641543682,10.0,1950.0,bo_loop
45.5183280972848,7.108923625122301,0.8806319769563311,1.9272171634672801,1.5377092906595118,2,0.180587424073622,10.0,1960.0,bo_loop
29.03224750767851,6.63657780820993,0.6118127706506238,1.3522520828850557,1.89762264276408,2,0.18608391805201507,10.0,1970.0,bo_loop
29.525186637083046,9.458760983812608,0.4075508530592842,1.464191194380183,1.4483339820226644,2,0.13433822958165986,10.0,1980.0,bo_loop
24.49878502245656,9.127146587770998,1.3792594454788558,1.015255177194356,2.0,2,0.2148389916683222,10.0,1990.0,bo_loop
34.56730356887348,6.725023502188275,1.8930685428116294,1.3375210054058582,1.7096939535228788,2,0.21609699981944552,10.0,2000.0,bo_loop
53.31574555522361,7.046159677816635,1.0233586771584589,0.9027262200990165,1.993554034525628,2,0.1766264221073095,10.0,2010.0,bo_loop
47.14148394238609,9.368156020670247,0.9247381777541905,1.917171609181747,1.55215350423165,2,0.14184976310558833,10.0,2020.0,bo_loop
42.71274412145412,9.463080527204404,1.146222259034593,1.111329648417717,1.4513171964904477,2,0.17891381554808294,10.0,2030.0,bo_loop
30.88310257255685,8.898641239407803,1.5580762694528592,1.9153398956271177,1.9084545781804627,2,0.23916617519638977,10.0,2040.0,bo_loop
50.40887621649729,9.27602058301283,1.3801283695332778,0.6596894655806949,1.8912554036790987,2,0.18604867223675275,10.0,2050.0,bo_loop
44.561895971562656,7.060585325501447,1.1594290433635526,0.9071640098652047,1.956575653158061,2,0.2038320035346012,10.0,2060.0,bo_loop
22.224167781119547,5.229294919052125,0.8837857442078092,0.8465582871101922,1.1741804409103422,2,0.1675945270701453,10.0,2070.0,bo_loop
41.184831431624055,7.950508885946066,0.6356817890944335,1.9717755891227833,1.5783424346613155,2,0.13873739821833778,10.0,2080.0,bo_loop
24.161153224943973,9.35704369856618,0.9136969181413441,1.5850283248363444,1.356705748571466,2,0.17685913422733268,10.0,2090.0,bo_loop
53.50071015316481,9.186552961646104,0.013925347596640325,0.7996530275758338,1.8519898514081232,2,0.14127803675500197,10.0,2100.0,bo_loop
47.22663804909679,9.201568970063,0.6941580347848748,1.811862194112027,1.9560034088067813,2,0.20818594937489718,10.0,2110.0,bo_loop
33.12532965966906,8.686765388935335,1.1830753065624289,1.7473876048696981,1.9614400475927944,2,0.23212349283473868,10.0,2120.0,bo_loop
34.0990223856016,8.660165843959664,1.8843341774087956,1.6623524849333025,1.8794097327789385,2,0.2647080807706119,10.0,2130.0,bo_loop
38.13250325663642,8.800584524869798,0.0371119028437239,0.7751974319470747,1.8363860335771793,2,0.17244171989160564,10.0,2140.0,bo_loop
48.788429794497155,8.396288014486617,1.7692685903516765,1.2449795707512588,1.8995343545647183,2,0.19985603328044788,10.0,2150.0,bo_loop
36.060642696877665,7.695098481541818,1.7141624447366994,1.9194389889652705,1.9143027129766925,2,0.882171493313779,10.0,2160.0,bo_loop
39.83579761470631,8.015575598350988,1.741377463352916,1.8191403283031435,1.7705148708915222,2,0.16454786412596875,10.0,2170.0,bo_loop
39.1117284515383,9.159970642828673,1.7155714835842635,0.5934084771975943,1.8453933246394043,2,0.20745224929856257,10.0,2180.0,bo_loop
27.233588459643933,7.090564518996815,1.6648008926677498,1.6137361849808651,1.9375677761340098,2,0.23389167377516734,10.0,2190.0,bo_loop
35.202169740131886,7.5002815372515235,1.9357409106190318,1.8266015882049726,1.9578891351753858,2,0.5795541973394069,10.0,2200.0,bo_loop
46.43571887538721,6.6432069747613784,1.6415669313273324,0.5275968463619596,0.5491197205058576,2,0.09073057711844915,10.0,2210.0,bo_loop
40.5867045399589,5.961951012073425,0.3323051764800091,0.020434737062302366,1.9879716674287,2,0.1961649050025478,10.0,2220.0,bo_loop
23.354575865224888,4.717451425778999,0.12580220424756527,0.2816041521505177,1.9452056350069806,2,0.1890250400974794,10.0,2230.0,bo_loop
49.446439334448556,7.749953396268919,0.15614541413343375,0.30592845265064805,1.8389139823969658,2,0.14866001879852161,10.0,2240.0,bo_loop
22.73979171599381,6.374365523967538,1.2417640507695695,0.06208825971171361,1.5518992397416207,2,0.17922672237004156,10.0,2250.0,bo_loop
34.45617682755021,8.334126950058499,1.087373774761782,1.4735957477046608,2.0,2,0.4323665444448145,10.0,2260.0,bo_loop
23.180491444000808,6.172747755089151,0.9490370405406738,1.710922365928687,1.7809967895684802,2,0.22733166949653616,10.0,2270.0,bo_loop
29.754874516117724,8.023466523880414,1.472301093756075,1.9052145239589449,1.9006269424875273,2,0.19863391097781224,10.0,2280.0,bo_loop
31.899238764130207,6.683162210047943,0.6822445051161179,1.8334380617356971,1.6790065994824028,2,0.16196586794773954,10.0,2290.0,bo_loop
33.9268705487126,8.172782175203942,1.6564138591541053,1.6951849144142395,1.9750134645556172,2,0.3876112191313744,10.0,2300.0,bo_loop
22.59039635941439,9.206623887173912,0.587049509940144,1.5624200931917935,1.8449636668483593,2,0.17673551110193475,10.0,2310.0,bo_loop
36.434596129871665,7.424387322763411,1.7479777378542767,2.0,2.0,2,0.5851224315912925,10.0,2320.0,bo_loop
32.78721540866861,7.628421647081452,1.7428648365373813,1.7569528116617892,1.6709079836964356,2,0.18805356383797733,10.0,2330.0,bo_loop
25.716453519167843,8.163956042349806,0.7232190978611861,1.261102579290755,1.4626382093682346,2,0.17570426633240308,10.0,2340.0,bo_loop
29.559474732787024,8.642789501485886,0.8351273198557083,0.7154536689418023,1.9616611988072707,2,0.191670911694471,10.0,2350.0,bo_loop
52.83088815636044,9.36309357189123,0.6611572252690039,1.2705664089202942,1.5651272258584272,2,0.19712923103373853,10.0,2360.0,bo_loop
46.1517832401596,6.426807774656826,0.5865938820725247,0.926755616069574,1.8873734498605683,2,0.20185551054915923,10.0,2370.0,bo_loop
40.14675828936441,6.382548558003257,0.5858249676285066,1.5095891150382683,1.5822614319293264,2,0.15718855679069968,10.0,2380.0,bo_loop
35.593792957543045,7.654351612197573,1.1218367252749912,0.15708344301920896,1.4296644912711478,2,0.5106300602272303,10.0,2390.0,bo_loop
28.494150443547078,7.854952053731316,0.9483989053276061,0.40012575228231384,1.1226770817390932,2,0.1532584838804771,10.0,2400.0,bo_loop
42.72801443349468,7.55252046458359,1.0468217688779193,0.06697867210602237,1.2426953141714137,2,0.17592590919268616,10.0,2410.0,bo_loop
40.86707222402936,9.326565252662835,0.9811461466310514,1.9821553545652826,1.8772369826222841,2,0.15238969268460453,10.0,2420.0,bo_loop
46.04866764187004,9.446236398145363,1.8478491146549434,0.9889924381651676,1.837393418300482,2,0.23465106924984014,10.0,2430.0,bo_loop
31.744794490519563,9.124625847052762,1.1917390934534888,0.10920429882312055,1.6412821598420244,2,0.18052252604203975,10.0,2440.0,bo_loop
35.015084986025045,7.698834593575849,1.5607460524418058,0.02754012023061314,1.4040759919582904,2,0.35334573165174055,10.0,2450.0,bo_loop
40.45204758508336,9.461759857630408,1.6386425028379887,1.0553026379094366,1.8525485035675653,2,0.19400107448102724,10.0,2460.0,bo_loop
35.54702355790022,9.05970526293342,1.921501829175981,0.26521049171965716,0.6495685531721482,2,0.17038250641461838,10.0,2470.0,bo_loop
54.54052172012197,9.052030216738679,1.2326417024871936,1.5515808375033513,1.4931616292368954,2,0.20317190408570857,10.0,2480.0,bo_loop
41.908045284027786,7.443312153760994,0.6142766868190253,0.6976515795394973,1.9737045028167333,2,0.15609312331088698,10.0,2490.0,bo_loop
36.13124718540473,7.458823139298672,1.458144542519625,0.45124875836672285,1.657895998971976,2,0.5387741210401219,10.0,2500.0,bo_loop
22.149113771992074,9.123880846638244,0.12579313637743916,0.2670553243807239,1.725550505090579,2,0.15686275217070123,10.0,2510.0,bo_loop
37.2450910361485,5.202337182016234,1.6855296189831297,0.2712664350491094,1.5359904223170004,2,0.19096942491202012,10.0,2520.0,bo_loop
58.81985720742821,7.42603265643181,0.011732708190284269,0.2651833962170318,0.24326454277918708,2,0.05468024852105593,10.0,2530.0,bo_loop
30.596996730377512,6.636836178104918,1.4322685358539924,0.4196590867725829,1.8008462363002564,2,0.1876700690027574,10.0,2540.0,bo_loop
34.14570234861131,6.113414692703554,0.9372155381300127,1.9770131985188126,0.6145862225404748,2,0.16728599792567722,10.0,2550.0,bo_loop
39.602937193083264,8.188234526439743,1.3954180196034138,0.46229037241626725,1.9183681133464165,2,0.2107495975520708,10.0,2560.0,bo_loop
31.244876333076434,8.633066254982921,1.4302304604321932,0.4766422625318787,1.2704702000444843,2,0.13740985769812053,10.0,2570.0,bo_loop
21.573997959153072,5.406499366398834,1.536168332172152,1.163612843048968,1.2011220724764278,2,0.14787563451177393,10.0,2580.0,bo_loop
39.0425676975308,6.973576855273626,1.8198139479185476,0.15455109805617262,1.819468187157799,2,0.15379417488520553,10.0,2590.0,bo_loop
27.84832864254765,3.011734165004559,1.246547407657939,1.1340048166038907,0.01881570682642919,2,0.15605864191321125,10.0,2600.0,bo_loop
56.03735569552141,3.5828825583431323,1.844682628607968,1.9194672625482574,1.2660122001052565,2,0.18020791688362434,10.0,2610.0,bo_loop
39.22317476337504,6.748886596922485,1.4144220132466998,0.529479333407026,1.3533922671705785,2,0.14549625750355483,10.0,2620.0,bo_loop
59.11396005543687,9.276858678003745,0.8037502904067353,1.6428404172220232,0.0530055279011834,2,0.12071758995319937,10.0,2630.0,bo_loop
24.901084639730758,6.7952942989593,0.18140836325592624,0.5450528749726575,1.9563896998704398,2,0.1568766006278015,10.0,2640.0,bo_loop
30.959090276376877,3.026374002901317,1.9510081441099534,0.4179097144077475,0.7907333432973407,2,0.1881589774032266,10.0,2650.0,bo_loop
42.302659952688074,6.838817140885588,0.6552358345459861,1.8600386348636269,1.8115150006616385,2,0.16079937754974277,10.0,2660.0,bo_loop
57.339049088794035,3.089625659191043,1.6153385789979586,1.9826182400275407,0.13688137676792933,2,0.1376866977006,10.0,2670.0,bo_loop
40.45238051732592,8.482820823242658,0.0687417252260678,1.9347981769876725,0.1673385397637308,2,0.10711574352301177,10.0,2680.0,bo_loop
47.073145407626754,5.535345245559657,0.5654896953557984,1.9798031436973638,0.885013358714198,2,0.17371961648806256,10.0,2690.0,bo_loop
57.61721364604499,3.373363217515518,0.11940957329004331,0.01817266152783681,1.9175737371635673,2,0.18617347663063483,10.0,2700.0,bo_loop
20.980210336663667,5.978376528176935,1.8090798427007233,1.4911064509801863,1.976981094518868,2,0.24673931372371297,10.0,2710.0,bo_loop
59.7117254403856,3.4116719366005905,1.9700153323468783,0.33129004058546463,1.803944126317589,2,0.17707402360957825,10.0,2720.0,bo_loop
47.45556146838338,8.322800549606033,1.6914938399476407,0.7190691221775798,1.9332550215426205,2,0.18881822515323868,10.0,2730.0,bo_loop
20.519458266980845,3.484753735048984,0.4272153000225243,1.997069413207167,0.2616132355066727,2,0.09571158784100431,10.0,2740.0,bo_loop
52.413996632247745,9.495286714917633,1.8893621426481668,1.3424013350972572,0.18996131990161302,2,0.10538339034357727,10.0,2750.0,bo_loop
23.82950677044859,4.566714093755243,0.2819842519126512,0.0015153361203017468,0.057597227204087,2,0.115453908324095,10.0,2760.0,bo_loop
23.45117794517876,3.6576242948629023,0.03569776706893246,1.882823862138976,1.9604963677174343,2,0.17617349352994416,10.0,2770.0,bo_loop
34.59325809369653,8.181217471388425,1.5667746760826813,1.7032217681524657,1.0645147465751803,2,0.3749804908040872,10.0,2780.0,bo_loop
43.010069969347676,8.041352701192448,0.018609667526168217,1.3047860986392443,1.951637950808224,2,0.18245218894016774,10.0,2790.0,bo_loop
24.797326943436392,9.05534246712094,0.191384475987749,0.7210268260272754,0.017232066818172243,2,0.08796310377255914,10.0,2800.0,bo_loop
20.64637460304036,7.38537439630569,0.9302884271390963,1.5599049516696983,1.9051442531520029,2,0.20004271533198062,10.0,2810.0,bo_loop
36.8123568799473,8.778480455397256,1.9133336664201868,1.9945824803049463,1.895273509001041,2,0.2667826178865254,10.0,2820.0,bo_loop
59.00653775435102,5.016058356580868,0.6956406482792465,1.08295145287535,1.9896886369014894,2,0.21425420364734232,10.0,2830.0,bo_loop
28.311966004903894,7.711220773983775,1.7077224530138178,1.2568823221134298,1.9515756141519796,2,0.21695349641943237,10.0,2840.0,bo_loop
58.983838877405624,3.100003374340428,0.04425745607649789,1.45453754386035,0.4045412283954155,2,0.0925260278850211,10.0,2850.0,bo_loop
40.0220375424816,3.1182016715296434,0.6794085495521507,0.04253511245367769,1.9960852813968588,2,0.22842719706085352,10.0,2860.0,bo_loop
21.652223111650954,4.568088995922651,1.934261614139511,0.15672929983144934,0.08783170703857412,2,0.11725357870240985,10.0,2870.0,bo_loop
26.714739618897426,3.0894620216998527,1.6190721176464662,0.07820223854981312,1.9541734564060005,2,0.22913819381195827,10.0,2880.0,bo_loop
59.74146284833267,3.1282720337822707,1.9326915627531245,0.6451082024669264,0.30505822823086115,2,0.1279521686438615,10.0,2890.0,bo_loop
42.45547673606722,3.0187827215259238,1.9413671916917394,0.13461454386015115,1.7243346873021315,2,0.16751334018406752,10.0,2900.0,bo_loop
38.13530815999147,7.362370885347604,0.7421808754207337,1.6738058766543928,1.519778373587856,2,0.16267336010418187,10.0,2910.0,bo_loop
28.387069922613403,9.382127477457146,0.9862044163800445,1.1842229372662954,1.270054616518959,2,0.14352134222020624,10.0,2920.0,bo_loop
40.20990681531917,4.4063370405183,0.7412969917660115,1.9708085358993845,1.4474965727125455,2,0.14737810762181563,10.0,2930.0,bo_loop
31.893550932403016,5.429447644499264,0.40123882599741845,1.7098183376923424,0.941248649810897,2,0.12927685053873045,10.0,2940.0,bo_loop
45.504379923664885,6.302121138195209,1.0427023041524122,1.8531379110515074,0.9761438098854551,2,0.15078161057774417,10.0,2950.0,bo_loop
24.657345184418755,7.270183153430718,1.403744385774052,0.7524629965669798,0.3602589113348571,2,0.085715439728406,10.0,2960.0,bo_loop
38.73860658545691,3.0307072283060856,0.235300577888107,0.22399107126612594,1.3797142065182042,2,0.11987002544060121,10.0,2970.0,bo_loop
58.13350602322299,3.5756449018965393,0.24832715571132646,0.02601248457623906,0.01903027373797017,2,0.13007840385976213,10.0,2980.0,bo_loop
34.20141797887631,8.942129962867941,0.5863837581433664,0.9005021287632995,1.965309144567068,2,0.18578888093774473,10.0,2990.0,bo_loop
21.2206404908568,8.916229464768794,0.9566005564359203,1.2532847985217883,1.9925954465391484,2,0.20105756334614167,10.0,3000.0,bo_loop
59.77007246644673,3.6534272722174426,0.047597772187362386,1.7808120501463724,1.5351234152584072,2,0.11612321243298415,10.0,3010.0,bo_loop
20.376822204804803,3.0156634076227515,1.2345748000625334,0.10579293446858662,0.9135663727095151,2,0.1124064691209671,10.0,3020.0,bo_loop
59.998014719374,9.488375011130543,1.7852969857722925,0.3096667365075796,0.04633688499138433,2,0.1463303748699372,10.0,3030.0,bo_loop
21.884355376205654,3.4389007706549863,1.9158004194420915,0.7338991500338936,1.9175558493966982,2,0.17309965275359468,10.0,3040.0,bo_loop
32.43156652112201,9.421094696280193,0.9050034051596039,1.454726168832042,1.342510467161756,2,0.15796686623499454,10.0,3050.0,bo_loop
20.09000395961791,9.218613878367997,0.23826368024007727,1.9233009151866864,0.4425595111021705,2,0.12657021450853365,10.0,3060.0,bo_loop
34.578915173313725,7.388221277093774,1.2719984224159568,1.9536534223327833,1.9365690717336022,2,0.347560795969262,10.0,3070.0,bo_loop
59.58903294921361,3.0151736233873283,0.9593245704353242,0.6775570019267658,1.82118884728715,2,0.21300688166599718,10.0,3080.0,bo_loop
21.92744187277359,3.0801243838603667,1.871619393923297,1.72301442195764,0.5520752977940375,2,0.1832111600476794,10.0,3090.0,bo_loop
25.337913804193512,6.937214054734801,1.9553894506187797,1.8988139066008196,0.7143383047523586,2,0.16218907159112417,10.0,3100.0,bo_loop
38.66052082349459,3.0645055670269743,1.1242845424449557,0.035543653983546974,0.1441702898504842,2,0.1356085904866399,10.0,3110.0,bo_loop
53.18266999802497,9.266603358872558,0.05163080930557862,1.045280611824464,0.18055248918251987,2,0.10783538894028166,10.0,3120.0,bo_loop
36.281163099091955,3.0622648542372994,1.8483444755389855,1.7062658852105985,1.200587937128445,2,0.1664353674039906,10.0,3130.0,bo_loop
21.596539908983562,8.31059027424016,1.158305835822298,1.8226702113013944,0.049306056160001166,2,0.11255879849713486,10.0,3140.0,bo_loop
59.76991568232906,6.906283488158642,1.118014464041217,0.012636060397706705,0.641179829511205,2,0.09865149485155153,10.0,3150.0,bo_loop
58.85281904312159,4.633660892692758,1.5556245475500887,1.142055641309877,1.8341022686820236,2,0.1886003603994688,10.0,3160.0,bo_loop
20.80131263502762,3.710811108733626,0.964808683228874,0.4738812739101179,1.7182033127656804,2,0.17925638757269105,10.0,3170.0,bo_loop
23.329495901674207,9.497033372913641,0.7079045720787644,1.0140090149887762,0.8268494787192298,2,0.1226249888614524,10.0,3180.0,bo_loop
56.85584037514302,9.052262450139018,1.8608603441654477,0.152045640783953,1.0265175607647488,2,0.18285091379508484,10.0,3190.0,bo_loop
55.58857749424836,8.97950121878892,0.35173400166662794,0.14459640527536588,1.0464009188960381,2,0.1455292251667979,10.0,3200.0,bo_loop
39.75751633364857,6.058450189753868,0.21043627358839045,0.06360800538499523,0.8015317326122662,2,0.161738221598055,10.0,3210.0,bo_loop
59.18925919948835,7.117772235940485,0.01379061368894341,1.8362970626156827,0.920315404736769,2,0.134913372581445,10.0,3220.0,bo_loop
42.80599356891356,9.127691933723147,1.2326301182017365,1.9229844933722335,0.08731213810845007,2,0.12973842698044952,10.0,3230.0,bo_loop
57.872174605598524,6.202108205471925,1.931443405148014,1.8781789653749894,1.134718622193964,2,0.1410525974841515,10.0,3240.0,bo_loop
21.443721515628642,6.185796534773637,0.09824128958977507,0.3171820507073668,0.8363032356338209,2,0.15532836730702948,10.0,3250.0,bo_loop
46.7262297991565,3.444585688703122,0.9944738707477649,1.0291959012390421,0.0446539573417033,2,0.1330323038100187,10.0,3260.0,bo_loop
20.04002046069919,5.411874701679901,1.5269805840143849,0.645875373511094,1.5047801790932211,2,0.16850312832421066,10.0,3270.0,bo_loop
23.32002364070889,3.219160545849137,1.0637710532053575,1.8085482785403226,1.5383993707429262,2,0.16217186079457305,10.0,3280.0,bo_loop
52.5411211003551,4.54157628976307,0.865447484798505,0.1405733763971273,1.9835987991657462,2,0.20047402920597393,10.0,3290.0,bo_loop
20.349199424492888,3.868041802082471,0.2250164532026453,1.1034207793213262,0.014625215027626703,2,0.12569820404644305,10.0,3300.0,bo_loop
43.36313220604065,8.906957914155598,1.845733747680837,1.9616683895397848,0.7097419287949676,2,0.1533122545525654,10.0,3310.0,bo_loop
42.61520508062488,6.820507502580656,0.19247138921398554,1.9775919920841443,0.9538628919127963,2,0.10319327163855091,10.0,3320.0,bo_loop
59.06936777765716,5.167904199225005,0.9300975780909275,1.8428987419669378,0.022514650126843394,2,0.1459667358486768,10.0,3330.0,bo_loop
24.9943034541754,3.1478765834078444,0.01419562722274792,1.031516499107694,1.5825371488723212,2,0.1563552661485768,10.0,3340.0,bo_loop
58.920605887989964,4.037582016612598,0.19426242485369527,0.02882671377528112,1.0130171513037776,2,0.12972334853436976,10.0,3350.0,bo_loop
26.80977816167076,9.488613930892779,0.670838361932357,1.1964082744597946,1.8220714855424789,2,0.16796178934482628,10.0,3360.0,bo_loop
33.328457605008595,6.251086879499462,1.086379925335452,0.0845785078588508,1.3906026845362116,2,0.14119903224847022,10.0,3370.0,bo_loop
51.011028355370456,9.23686928217354,1.4820419575340202,1.1481262565680121,1.60786099224153,2,0.19059253756622616,10.0,3380.0,bo_loop
33.726910694629616,7.056338768449412,1.7013721127407615,1.332873130071807,1.2019047956983628,2,0.1873214067371052,10.0,3390.0,bo_loop
20.836139629643174,9.205424790403283,0.06131841205109323,0.09075384341220727,0.779963452959447,2,0.1144727846129992,10.0,3400.0,bo_loop
32.15531935753568,7.257460374036839,1.8887372379725136,0.5419807977413933,1.483318005884303,2,0.1994407333010504,10.0,3410.0,bo_loop
58.46641046062923,6.234305679616577,1.8646014700748512,0.25586578690845085,1.4716692666576436,2,0.16511374427882702,10.0,3420.0,bo_loop
20.460528732423153,5.527075354322377,1.652708792344708,1.9608400251771185,0.00022096934186843775,2,0.11309906630673959,10.0,3430.0,bo_loop
59.34635831380851,9.453816009555306,0.74481331163719,0.008138054687565122,0.0005813249054267278,2,0.10778006736310441,10.0,3440.0,bo_loop
35.1410154994506,3.5548333136497177,1.9655154724295436,1.2550190936447407,0.17005380677515536,2,0.15431531835739754,10.0,3450.0,bo_loop
58.468597754868995,6.742148510363514,0.8630600431604469,1.8538020773924127,1.3755988511289514,2,0.21593605748152023,10.0,3460.0,bo_loop
55.571879557636706,3.323336795031479,1.2865490339043009,1.1089567021760631,1.065230618938587,2,0.1279342919454587,10.0,3470.0,bo_loop
43.42623244016578,9.157443716964726,0.1651390237459709,0.029165631323153862,0.17638212546337884,2,0.1130357740903761,10.0,3480.0,bo_loop
38.281462552188295,7.757058724071183,1.9591722696595784,0.98050044727033,1.0174829633276903,2,0.18451681417115146,10.0,3490.0,bo_loop
29.476328770166013,7.853411054934922,0.008485149014581195,1.6057238854879485,1.9488360758363046,2,0.12316024723444176,10.0,3500.0,bo_loop
22.69408343561095,8.706527927411745,1.944696306584534,0.19645124940270708,0.03712933722370271,2,0.11341641783611454,10.0,3510.0,bo_loop
59.31797096763359,6.446265209228795,0.04765150599948864,0.8952982561020628,1.7462302278261277,2,0.11948020084716351,10.0,3520.0,bo_loop
37.582798927398514,7.054342104891441,0.45491241525274906,1.0791848653584954,0.054064703310317874,2,0.10723003813745373,10.0,3530.0,bo_loop
38.241497990709405,9.498076270380801,1.2234328887982724,1.0876497186619067,0.04581182127229355,2,0.12620356929110088,10.0,3540.0,bo_loop
21.744725852814966,9.243175864835756,1.8852571927515969,1.1079931357168724,0.08113978200929028,2,0.1367818132090997,10.0,3550.0,bo_loop
41.89749691737586,3.5598115039278055,1.923730238322636,1.6878033097657061,1.9647838020224813,2,0.20880161450182766,10.0,3560.0,bo_loop
57.835747573607556,5.949935836885966,0.6061404543345643,0.9085700329028852,0.21772436090612057,2,0.11675886036369514,10.0,3570.0,bo_loop
42.21374379199014,3.230221252986594,1.8014571318211179,0.8448721100313179,1.3251800519806731,2,0.18793688729334876,10.0,3580.0,bo_loop
56.97514504547546,3.185262139816621,1.005492637257069,1.9519924327457676,1.2122724775151001,2,0.18344578947226345,10.0,3590.0,bo_loop
43.86793822528494,3.5631679020418456,1.9941125399916664,0.20672992956620928,0.17757244334625555,2,0.14278097459528954,10.0,3600.0,bo_loop
38.52559332790959,3.0307372890634436,1.1282425396917097,1.7799376043633581,0.17227279275703689,2,0.1176146659068843,10.0,3610.0,bo_loop
58.48191419346567,9.395528987438162,1.2541963868251775,0.9411728839945364,0.6353809932313934,2,0.12628901000110032,10.0,3620.0,bo_loop
20.596082247106033,5.936367953647148,1.9400223593674524,0.09940264973375856,0.9717575816628561,2,0.13219641071525365,10.0,3630.0,bo_loop
38.869522775788816,9.343712732394533,0.16168739804118104,0.06999296665329613,1.1765480611861538,2,0.1048792865568166,10.0,3640.0,bo_loop
55.346145373852394,4.951124810473134,1.9473140890996008,1.2823671773423297,0.03931972822019003,2,0.09548088914380494,10.0,3650.0,bo_loop
36.24851220667014,3.40573069518879,1.1501540501848158,0.11474723949770826,1.3130843090102977,2,0.18989395943003598,10.0,3660.0,bo_loop
45.0117463663749,5.112329507120791,1.470144190305722,1.3705230209421198,1.9978460232518502,2,0.20108250434710714,10.0,3670.0,bo_loop
40.797736264840026,5.703932784920953,0.5344495745830513,0.19327948100669912,0.037050757744307994,2,0.11779264206088111,10.0,3680.0,bo_loop
36.00103955660107,6.710898181625387,1.6623547853443859,1.5518467638044497,1.9641266443586094,2,0.3332655691407058,10.0,3690.0,bo_loop
59.91808398037879,8.920995951349209,1.9373605025674585,1.9787423311353998,1.7425152465749378,2,0.19572556546376102,10.0,3700.0,bo_loop
39.80733698536958,3.2629618340984337,0.015531332048389412,0.12121657716055823,0.5362266547826933,2,0.12202396553257999,10.0,3710.0,bo_loop
59.656575544630755,6.677064540529765,1.6142942943376524,1.0594438340151158,1.1288708924505297,2,0.17273190784060055,10.0,3720.0,bo_loop
59.3724031797286,5.2923810024342135,1.5533578523343827,1.8314319471961922,1.9530702402248168,2,0.21820126646465957,10.0,3730.0,bo_loop
55.89155743506327,3.2373910200459846,0.25958719371287753,0.9220964181324738,1.998576715238764,2,0.15973305691351228,10.0,3740.0,bo_loop
58.825012012466644,7.633007272809869,0.8253709914406857,0.05273116123923405,1.9002602462023848,2,0.18421435206088307,10.0,3750.0,bo_loop
44.23651914354113,3.0958578379913706,0.24801602604336614,1.3390532033203015,1.1857315100025125,2,0.15094899001953876,10.0,3760.0,bo_loop
59.736814724526,7.59911466892935,0.9001262604335303,1.982668601678946,0.5921749902915523,2,0.17428081067354767,10.0,3770.0,bo_loop
57.293721698230264,3.0154888265422186,1.073692448681408,0.16168660809580748,1.0085553174208537,2,0.15204795709659297,10.0,3780.0,bo_loop
59.43046336561869,8.289463699772321,1.7378376341960697,0.031880344977206265,1.9237897899933485,2,0.20870048966865806,10.0,3790.0,bo_loop
49.46979769136273,6.500167739070328,1.8631342407141127,1.9837168215909344,0.020785987960308505,2,0.11623708622078743,10.0,3800.0,bo_loop
59.11580552125138,9.393450329840052,1.9637339868825876,1.488089794061666,1.153145669176853,2,0.17935494885315223,10.0,3810.0,bo_loop
27.407986086245554,7.064501623611471,0.8131074117297814,1.001360595232782,1.5607459765747949,2,0.14980536386835536,10.0,3820.0,bo_loop
22.375232731557592,7.57256166872445,1.3283341805110263,1.989878546579259,0.8810821503577246,2,0.13099082105363358,10.0,3830.0,bo_loop
20.528401912674624,4.06952023169085,1.6831896113275162,1.9931426207900926,1.9367836139385037,2,0.20401144298590446,10.0,3840.0,bo_loop
59.417042979584735,5.104575932852104,0.6481893187697734,0.56781178026525,1.2748699104116805,2,0.1559664378481138,10.0,3850.0,bo_loop
59.653753076706806,3.477433315377571,1.0575306219814546,1.5118899121074505,1.9243694980100208,2,0.21646987397278653,10.0,3860.0,bo_loop
30.7760400761618,3.1663566642384318,1.1224686624814582,1.1800242424743694,0.9168093853883632,2,0.15093390429365877,10.0,3870.0,bo_loop
30.28957491907449,7.346373038187465,0.6679622965097087,0.8574128029326826,1.9043661994292678,2,0.20492295776671465,10.0,3880.0,bo_loop
25.90507078771218,4.986919203659647,0.31327285860506304,0.7992351307577854,1.957647833411967,2,0.18962649299606038,10.0,3890.0,bo_loop
59.49076598665921,3.0761567634640095,1.7892199393400114,1.8216748745194118,1.9587221643526225,2,0.16225045288390724,10.0,3900.0,bo_loop
37.22926860636998,5.416142615762194,0.15002981949951022,0.3925879788373723,1.5913176878757582,2,0.17538684386300962,10.0,3910.0,bo_loop
36.32672888325695,8.365030951722119,0.6762715882788073,0.3330522243509717,1.4402844733782842,2,0.5318588356165951,10.0,3920.0,bo_loop
42.73730073356771,8.983074915415548,0.6520306156272861,0.5561944910537646,1.0807102342623347,2,0.1770364423283212,10.0,3930.0,bo_loop
32.977316064056495,8.093666327684073,0.21627339550736435,0.5441670610462077,1.0037600501555195,2,0.13120682304500364,10.0,3940.0,bo_loop
37.04943524983919,7.812880157082828,1.9098611275382724,0.6209275293014482,0.06181056561429843,2,0.2724145480331254,10.0,3950.0,bo_loop
38.38838475438659,5.976187918689833,1.8180399236380618,1.044353393347964,0.07201875411695302,2,0.14643752979393693,10.0,3960.0,bo_loop
29.47286504105774,9.080254546005808,0.5410818206989241,0.30868492910809575,1.4551406864663314,2,0.1135542973136223,10.0,3970.0,bo_loop
20.812324926740985,5.920479641515527,0.7445939959561874,0.4312661603495471,1.5116717282849972,2,0.1690398733627308,10.0,3980.0,bo_loop
45.59904163129542,7.357871601743105,1.9929769722930473,0.1335591959390081,0.08871486147282681,2,0.1058282041583405,10.0,3990.0,bo_loop
37.069049003621025,8.299396288848907,0.38143248043402855,0.18961198256176637,1.8731897653348761,2,0.3203443209518275,10.0,4000.0,bo_loop
41.47547780959451,7.386576568201723,0.4511971030760231,0.0181432068834968,1.3129463966818797,2,0.15298267978677665,10.0,4010.0,bo_loop
22.768054812575183,3.793730798244808,1.9268069240587131,0.02045826418208807,1.3736129726533521,2,0.17238308621548992,10.0,4020.0,bo_loop
27.12013645062732,9.274257420495818,1.941732566182857,0.06481269906797471,1.8779601541143776,2,0.17911920833344463,10.0,4030.0,bo_loop
48.29022655141081,3.1133154008730233,1.2582397344876803,0.7601071613682582,1.9657332835956594,2,0.22820189106413075,10.0,4040.0,bo_loop
22.197201404422454,7.616027095511147,0.07836755846338428,0.7488507843758878,1.3764464597595079,2,0.15212173791991057,10.0,4050.0,bo_loop
59.90026736922373,3.887223417950014,1.1426476164835562,0.4911339623479434,0.07135419250962882,2,0.11733895087617512,10.0,4060.0,bo_loop
39.62276124329832,9.453072251833373,0.5094839927516033,1.328316122146051,1.4686469024622464,2,0.12749067560548052,10.0,4070.0,bo_loop
38.201425069554475,8.518272166656022,0.9130571150336915,0.032903526170696695,1.5636154560534081,2,0.19737116771197002,10.0,4080.0,bo_loop
22.788715184362594,4.817777728003814,0.9584795966560178,0.9745837407293767,0.27946362695653426,2,0.1170494315403311,10.0,4090.0,bo_loop
21.040522980163313,7.441759787621137,1.0457254760101047,0.021650373626263653,0.2481000081464544,2,0.10432631837500982,10.0,4100.0,bo_loop
59.84101671592554,6.82974649711441,0.034562231345597993,1.9661347399354911,1.9569763745055975,2,0.14940123499279948,10.0,4110.0,bo_loop
20.514690177887136,5.50959674183235,1.805253619009075,1.0933569118809632,0.0121084660479156,2,0.13108168880708806,10.0,4120.0,bo_loop
43.97384583530505,3.3047628439888888,0.02458024120405322,1.9683400941502465,0.14139111575230157,2,0.09291709156371518,10.0,4130.0,bo_loop
45.713095452860124,3.3941910897303567,1.6404618238606097,0.08865729115643539,0.8306752732707996,2,0.15758320352133603,10.0,4140.0,bo_loop
20.964522110444914,3.028859642545173,1.7974293729286075,0.9922696655977785,0.7233301705818567,2,0.13825220203068392,10.0,4150.0,bo_loop
56.93275056681632,9.446701406932192,0.08580814074017229,1.988542485121822,1.2506394296532943,2,0.15775812101183204,10.0,4160.0,bo_loop
23.578557300356188,3.338937439547932,1.913594821499613,1.943464341864485,1.319604384066884,2,0.17990409031021878,10.0,4170.0,bo_loop
59.80361405523317,6.907290764159084,0.08509613330504551,1.395110809210188,0.014634165352511719,2,0.13179053985584663,10.0,4180.0,bo_loop
51.75383197841947,3.353938271938365,1.9398995939977757,1.0947734048947682,1.9189016805892134,2,0.19676314451251925,10.0,4190.0,bo_loop
47.13418686058992,3.3581976355139487,1.9806157450868602,1.53077970004046,0.5367098229855845,2,0.1269888001478501,10.0,4200.0,bo_loop
59.35926709187407,6.935258710215466,1.861220015379325,1.276180280912606,1.9425483674757815,2,0.19890449040981545,10.0,4210.0,bo_loop
50.28403715053463,5.310002977719563,1.985464308636847,1.223511261775834,1.1386395552901143,2,0.17913488741649383,10.0,4220.0,bo_loop
59.892835548519024,6.857211877995976,0.07134101782208968,0.040823754627759,1.0762830501842784,2,0.15709576639422082,10.0,4230.0,bo_loop
57.57666435967472,9.481262354430957,0.16008076006364846,0.9904353462022488,1.0137375780010522,2,0.13724866987181,10.0,4240.0,bo_loop
20.938749655934377,5.1611167219805925,0.015100278408273216,1.9883199571077441,1.4512116959218104,2,0.11753532199829925,10.0,4250.0,bo_loop
44.54527287232513,9.45004212616698,0.9717464612266771,1.4447927570233374,1.3730517044387012,2,0.1704386015209915,10.0,4260.0,bo_loop
30.079123242756616,6.607098564310454,0.331150264014908,1.9679833674294418,0.08908378886495427,2,0.09512377692669817,10.0,4270.0,bo_loop
57.805243962215286,3.061611765706615,1.3944898551218512,0.013389894740256425,1.9104650005345747,2,0.2096347907437669,10.0,4280.0,bo_loop
58.82990648139729,9.483558010068535,1.8748827320078862,1.995097065490718,0.7093563036054416,2,0.14424366400536068,10.0,4290.0,bo_loop
21.22490497650494,3.3254041236932634,1.0129323623014481,0.17495992903634017,0.18553041184402308,2,0.12172263501991214,10.0,4300.0,bo_loop
37.405846282928444,7.990589351750113,0.9858250101880861,0.35460397169035773,1.644002416024797,2,0.27716599786051477,10.0,4310.0,bo_loop
58.287838241818,9.2716237989335,0.00552490444436371,1.945894506679398,0.10065229847283352,2,0.1205867785208029,10.0,4320.0,bo_loop
20.25941793245241,4.724481739305302,0.8058958023853575,1.1100708764394402,1.7356871379137562,2,0.1705295819891587,10.0,4330.0,bo_loop
58.50069268999528,4.465398068434893,1.9960451549048088,0.048317664607268496,0.10262823492552942,2,0.16693564392553892,10.0,4340.0,bo_loop
34.32559101251259,8.211674901618082,0.8344795186867444,0.10867778949389306,1.1554115391148292,2,0.24582671284608515,10.0,4350.0,bo_loop
58.31106696422321,7.546344605318716,1.499135671475661,0.693423937533111,0.0337472442801523,2,0.08188771756210515,10.0,4360.0,bo_loop
57.969587421038554,5.754493859024848,1.3581385588184531,0.385631678172351,1.9205010626334937,2,0.22800809593460344,10.0,4370.0,bo_loop
46.803062513712646,6.510684031457286,0.9986990097392934,1.5345149511059857,0.007780055908251482,2,0.11360438189535481,10.0,4380.0,bo_loop
59.59391505100725,3.152987548406255,0.8688570983654194,1.9198673406757956,0.4154227201121734,2,0.11783110744996435,10.0,4390.0,bo_loop
43.09741082701673,3.8110104614032414,1.2866129486797266,0.15438454344077646,1.971498676895593,2,0.20048123529620054,10.0,4400.0,bo_loop
21.454198137382676,3.935566467279366,0.004036885113513744,0.632577775075924,0.9652992550184045,2,0.14048553606906405,10.0,4410.0,bo_loop
31.320529873240677,7.537933909400276,1.9062928095264746,1.6675453179470692,0.07190807480036376,2,0.15867523474053705,10.0,4420.0,bo_loop
57.96613524975713,3.5274891785782634,0.029640264140739614,0.7232870798671196,0.67479875717089,2,0.09669100572529385,10.0,4430.0,bo_loop
20.73617490599588,7.584090239541372,0.13586891744130214,0.07576318296550966,0.12896840237439378,2,0.08026307141667502,10.0,4440.0,bo_loop
40.18771427346261,7.657935272954347,1.0271076122596834,0.047829809815515434,0.007988822972820664,2,0.09462512719981343,10.0,4450.0,bo_loop
54.05913825613511,6.1372255105027165,0.8792143730708024,1.264784365632453,1.543578784098095,2,0.16608100492917874,10.0,4460.0,bo_loop
41.552447974238305,4.974635411644554,0.83341450584754,0.9175159777949133,0.7257770901950065,2,0.16332908908405402,10.0,4470.0,bo_loop
22.47525354382271,9.121675445904533,1.239462763892986,0.9721740020409195,1.0436166281876575,2,0.15375087151261382,10.0,4480.0,bo_loop
25.115163129467657,9.221913059808646,1.9335050482392493,1.9825525764761762,0.7234005604681162,2,0.15771665843896165,10.0,4490.0,bo_loop
46.39745643607402,9.445166743126943,1.9088833604020834,0.734788554794191,0.04224543659061175,2,0.12239077485783058,10.0,4500.0,bo_loop
32.59318356013873,7.124138903187306,1.9786826742648032,0.06502781472669783,0.5907176193219033,2,0.12663877582008043,10.0,4510.0,bo_loop
34.52070457000815,4.901128800689095,0.005958111845746128,0.9192984097547259,0.6391375310734111,2,0.10616450324584586,10.0,4520.0,bo_loop
20.85523657907366,4.985028481739402,1.8916661341567356,0.10230130628683409,1.9893955972691248,2,0.23740512680146938,10.0,4530.0,bo_loop
33.899467359818715,3.4375337543752225,0.051998099187920754,1.936319549031077,1.5816925059869964,2,0.12068038202261724,10.0,4540.0,bo_loop
38.58225146658849,3.0321631168244747,1.7460017732949031,0.8596719923157004,1.9167766452089767,2,0.1768872704408584,10.0,4550.0,bo_loop
23.964844372644052,3.0212522737011747,1.1008535076488706,1.9162996116090123,0.6651917811825423,2,0.14864485034625197,10.0,4560.0,bo_loop
56.72396199308064,5.797724226285525,0.2947173488104131,0.12153985809743473,1.9752739289703178,2,0.1873061460313437,10.0,4570.0,bo_loop
21.123746941904628,9.289819729397294,1.7703805923008855,0.09619722503449712,0.6846113208511999,2,0.1370755111675218,10.0,4580.0,bo_loop
46.621807066392506,4.823824700628458,1.9829117129526794,0.44278375344854326,1.9309758435087987,2,0.18370460937270414,10.0,4590.0,bo_loop
32.41273481897794,3.232928935445985,1.2518120576744678,1.9953853638599035,1.9097658588716528,2,0.24254078054531314,10.0,4600.0,bo_loop
22.207102592694255,6.496100370489307,0.2846883840955299,1.0188889972577742,0.69475287104856,2,0.15947602448033404,10.0,4610.0,bo_loop
46.24541766904481,5.392627409604055,0.005407242546719315,1.2499266904454303,0.050705994157359546,2,0.0883337627594649,10.0,4620.0,bo_loop
48.12710665602387,4.28774377213064,0.806652735310365,0.07185946204076221,1.3816072853191532,2,0.17377579678051924,10.0,4630.0,bo_loop
54.30016634068994,7.685941652830412,1.1081627402383671,1.3188352090422841,1.1831309280457571,2,0.17224173530531392,10.0,4640.0,bo_loop
59.20424458904317,9.29094105615987,1.186666253748306,0.04258163809383353,1.4521814769081478,2,0.19287734010699892,10.0,4650.0,bo_loop
58.511685212182115,3.1636030767105523,0.5619721978792305,1.0187718639871093,1.3109979491354644,2,0.1757859407854802,10.0,4660.0,bo_loop
58.39743991800042,5.027782544413831,1.989788211807546,0.22044893331888837,0.8551785629585913,2,0.13591116435127865,10.0,4670.0,bo_loop
44.499192690208915,3.034318737268573,0.8831015875610413,1.494620414527066,0.8514686226783641,2,0.13432328123841042,10.0,4680.0,bo_loop
36.15893804121563,7.291068325611022,0.21762604612660863,0.4730694764830541,1.4647157781965205,2,0.27877565805688653,10.0,4690.0,bo_loop
34.237315794210524,9.349559204862661,0.09935557097367953,1.3515854629403266,0.5491835771906988,2,0.10807217025667495,10.0,4700.0,bo_loop
58.551527931550325,5.133361124189509,0.7128166857813316,1.4322049431726966,0.8345172406408528,2,0.1414794370163863,10.0,4710.0,bo_loop
58.50993818951511,9.131081566897503,0.6913144302240455,0.5925153289591911,1.7365429635445304,2,0.20326568420616312,10.0,4720.0,bo_loop
53.12780912279205,6.611996750106908,0.002066477881238482,0.6840845899284509,0.9592567152348908,2,0.13347428616100335,10.0,4730.0,bo_loop
49.205388422465035,4.334514774236255,0.01126961352036382,0.4871830107395787,1.8640426201606681,2,0.13750829540385406,10.0,4740.0,bo_loop
35.24568081823894,5.2278075341580905,1.132730651535218,1.959486323071218,1.222620038138777,2,0.2500765923840922,10.0,4750.0,bo_loop
45.16812132487586,4.5383309672892835,1.5580808204524603,1.9000796030316238,1.0151892430282659,2,0.19048601266155188,10.0,4760.0,bo_loop
45.283998265974475,3.014212325656908,0.7220253791820175,0.675815856998909,1.608487832933815,2,0.1837673890491182,10.0,4770.0,bo_loop
58.582200292900126,9.067774341490042,0.2444750312066981,0.0051654034669974536,1.9425623495288267,2,0.18185798436409686,10.0,4780.0,bo_loop
21.798178657459594,9.465764843846724,1.0602929716123495,0.44972433987591054,0.06718056791705651,2,0.13411054365711855,10.0,4790.0,bo_loop
20.88415699230803,5.709677190262014,0.8947543740712212,1.9912454977144374,0.5876328765719228,2,0.10806916536439067,10.0,4800.0,bo_loop
38.45867871097063,4.7387510001799535,1.8193165149443762,1.9396788276168029,0.036049582385068835,2,0.15221590726008483,10.0,4810.0,bo_loop
28.65470365068141,3.2402126705764447,1.9802077602054255,1.5098443686551213,1.8681476395861136,2,0.1897357184529067,10.0,4820.0,bo_loop
59.50239975076747,4.95317871944477,1.3241805385035845,1.6774449060666572,1.4002001712658791,2,0.16336158992779523,10.0,4830.0,bo_loop
57.99259753013842,3.2815975153653936,0.45693157453586686,1.9858912130836759,1.9645919998828054,2,0.19127863577701312,10.0,4840.0,bo_loop
28.55530210864963,3.1889297204338325,0.22751363297492544,0.06305002908476087,1.9937101557515284,2,0.17204955311228098,10.0,4850.0,bo_loop
20.847909037813235,8.545528196336043,0.03325953483413957,1.9194231291519919,1.1082840132840683,2,0.12907864804811037,10.0,4860.0,bo_loop
51.63502740064624,8.972951317931233,0.5198626304174419,1.9599760475502357,0.6591384805245515,2,0.12223830089946935,10.0,4870.0,bo_loop
28.75961547347724,4.388701005207367,0.7930695567718087,0.05361248637319749,1.9425935098417575,2,0.24747051627636768,10.0,4880.0,bo_loop
20.537019449645946,3.050580745067064,0.06428366540101749,0.01027330320806552,0.45646015070380264,2,0.11269190877417859,10.0,4890.0,bo_loop
59.08016902154703,4.77889676755351,1.4721304168761615,1.8944740054839697,0.6132726507811497,2,0.12807321048923764,10.0,4900.0,bo_loop
58.33488424721128,3.3112993199936547,1.8759601265807906,0.8734251871844583,1.3477304725849237,2,0.19660475782769402,10.0,4910.0,bo_loop
48.829952076356165,9.149078281274495,1.3347289913255713,0.16258985258961345,0.7481551312458692,2,0.11176527889007154,10.0,4920.0,bo_loop
39.458883373268065,3.093296172021149,0.028840758717070036,0.7346110247519793,0.043058623088974235,2,0.06380180642337666,10.0,4930.0,bo_loop
59.77845144619052,7.3171229773619375,1.537505044351335,1.6935949858722155,0.32070143472682955,2,0.12644632070713543,10.0,4940.0,bo_loop
31.537197688702165,4.661216362903184,1.3436186303006628,0.4423855603483211,0.6243896613496975,2,0.1642480975718425,10.0,4950.0,bo_loop
46.33297692222567,9.27037901418515,1.805028101129054,0.011929802115424382,1.5594832999607606,2,0.1854502242227553,10.0,4960.0,bo_loop
39.17895180340355,3.0947939164745906,1.4439055463365595,0.6604009389538223,0.5868199439055428,2,0.17392609892776853,10.0,4970.0,bo_loop
49.934666896490846,4.999427809044354,0.71373573730045,0.1528329281895595,0.634222167823892,2,0.12939369902322265,10.0,4980.0,bo_loop
57.68325907186661,8.019604008019234,1.9556966217629488,0.635270909900598,0.6562444222725563,2,0.1206526048786195,10.0,4990.0,bo_loop
32.46768605906742,7.780388035158947,1.1317023752680002,1.3892427301392147,0.4002937285673809,2,0.12871766862952375,10.0,5000.0,bo_loop
20.895594550923565,3.9117112867329196,0.5876871426760291,0.10398320382740311,1.361824055678344,2,0.16339254925352056,10.0,5010.0,bo_loop
21.782886006851342,3.011933526223781,0.6724336224146374,1.7649898597403653,1.9873173179390118,2,0.17248313904343815,10.0,5020.0,bo_loop
20.38079432415522,8.529342991597764,1.4938092199374673,0.009958339694132512,1.6936923376028734,2,0.18901331251460304,10.0,5030.0,bo_loop
20.436994706806153,5.128271868181941,1.677172145967764,1.9854050679666784,1.2528280845995983,2,0.1673876707904778,10.0,5040.0,bo_loop
30.340944032397395,3.1839425442814955,0.7423600601516975,0.6727699617978791,1.9777409738021865,2,0.18700680211194948,10.0,5050.0,bo_loop
25.280030104836413,3.1036628999726394,0.019636918675862258,1.607857621872426,0.989249295051557,2,0.1043717510139923,10.0,5060.0,bo_loop
39.073469045132065,9.199372507264252,0.5713535540528454,0.7488167057491251,0.28230827629960076,2,0.0955078587094525,10.0,5070.0,bo_loop
20.123216942284174,4.850020306845366,1.991478653073369,1.612746607867321,0.7879538660324894,2,0.12166109200641709,10.0,5080.0,bo_loop
59.46013884399648,7.929740990045704,0.7163618224441322,0.5780154357373537,0.7495454936962522,2,0.15853141618801314,10.0,5090.0,bo_loop
25.23305837486963,3.007809374034485,1.545537363177889,0.927239138512792,1.3612617512349396,2,0.1489646890612402,10.0,5100.0,bo_loop
36.267152729015265,3.2061403274191282,0.004653715008278603,0.9061649371576708,1.8712356557553669,2,0.1675416406701976,10.0,5110.0,bo_loop
20.494527490190983,7.756255917040567,0.040233403898873865,1.5672628505663933,0.04092173174085145,2,0.11799407971950665,10.0,5120.0,bo_loop
20.024068687754763,8.051454772836106,0.03470374048519931,0.9736709412389357,1.8949274118000967,2,0.15885436626713131,10.0,5130.0,bo_loop
40.57608464131742,5.281703786250301,0.7044565753018768,1.5630766368292974,1.0386823841359665,2,0.12024708746730228,10.0,5140.0,bo_loop
20.65300232573405,8.781287259822264,1.8898789235937297,1.9111270632466746,0.007302368204046283,2,0.11791212295641655,10.0,5150.0,bo_loop
38.41116594479684,4.787354038260967,1.9755075884486824,0.010099131602127276,0.8703386553342161,2,0.20481670524259915,10.0,5160.0,bo_loop
40.376614531952946,5.130274750831328,1.165668093882825,0.7119325243531596,0.027850399652910696,2,0.12103243329869871,10.0,5170.0,bo_loop
44.38351097637658,3.065033428938065,1.3244295534453854,1.9110920457083707,1.733501665481455,2,0.16245882764000313,10.0,5180.0,bo_loop
57.4149834370551,5.567719956789995,1.2844270808726357,0.0050270929873184045,1.4013369385598775,2,0.1567397784652191,10.0,5190.0,bo_loop
37.22760578292049,5.499694655990848,1.6968147686231325,0.0662788917630579,0.010111401290632038,2,0.12020654741249416,10.0,5200.0,bo_loop
59.03398526937144,3.0399109858118503,0.649937770970042,1.0265215402298173,0.07467652954346171,2,0.07783200583307726,10.0,5210.0,bo_loop
49.70846544251327,3.15004109430869,0.7740823301815412,0.7732944811089819,0.8011001662509425,2,0.14107512959030152,10.0,5220.0,bo_loop
23.353458344972342,7.021911426709848,1.4044355443453982,1.1972157332159497,1.9927700303356761,2,0.21564277804962562,10.0,5230.0,bo_loop
24.26293697871475,4.785921254969196,0.7120306810380135,0.03681888880796591,0.6742940103277362,2,0.12202247233219143,10.0,5240.0,bo_loop
32.01777414679071,3.0253356616682474,0.5408202848846768,1.1403322004509602,0.3858653174690134,2,0.16423720929442132,10.0,5250.0,bo_loop
58.987546239201436,3.4139120372065848,1.7487292632514824,0.0003609714631900296,1.2305693664809454,2,0.12243855451878258,10.0,5260.0,bo_loop
40.24154129576809,4.535047316152282,1.9987340066945838,0.7632280254794881,0.53992914281326,2,0.0892532554065677,10.0,5270.0,bo_loop
58.82561690221457,7.316946438284532,1.4343136559012977,1.9261297890215807,1.5047746524357815,2,0.2120600081813559,10.0,5280.0,bo_loop
42.6014460381047,6.922913512417453,0.8268790471641958,1.0031018495475708,1.8290501956872043,2,0.1656369194732711,10.0,5290.0,bo_loop
51.26085285445174,5.418581641879694,0.3795878771487917,0.9691676845366124,1.557199054995284,2,0.19065244557121236,10.0,5300.0,bo_loop
20.805941423525557,3.008979524394573,1.6487033354089853,1.8988351545667639,0.0032003746575541836,2,0.14654824547889292,10.0,5310.0,bo_loop
35.44466071935012,8.390901997219935,0.7615467653968035,0.8902532374426071,1.3034264887266522,2,0.4856324415570414,10.0,5320.0,bo_loop
39.45750620978164,7.579274431118937,1.0338795533593093,1.0310362632858545,0.906715023849513,2,0.1631721936662986,10.0,5330.0,bo_loop
58.327385861838835,9.460886904685358,0.7615419857118098,0.6948931993417578,0.12580178657070396,2,0.10997785838672637,10.0,5340.0,bo_loop
58.82412423303399,5.2361058437716546,1.2504402942203656,0.8690505814397129,0.6708288707124581,2,0.10970234178202688,10.0,5350.0,bo_loop
54.91612375056437,3.3678105819470447,0.066608512616402,1.9856295761264668,0.9729898278728035,2,0.1405856018553532,10.0,5360.0,bo_loop
35.84405416273782,4.84335188683185,1.9837968041965601,1.9855037271708507,0.863758242567598,2,0.1912820833332675,10.0,5370.0,bo_loop
41.62162499416168,6.8604344413715665,0.027442236584871438,0.4641980641742043,0.10405994041687161,2,0.10377310020453977,10.0,5380.0,bo_loop
50.65687402067819,3.9943982188140943,1.416866415238769,0.5814685997672739,1.3975557546293562,2,0.19977945250997675,10.0,5390.0,bo_loop
37.039757946314694,9.375431294420348,1.887058337399354,1.8110197331679185,0.031083111502251848,2,0.11531054757280985,10.0,5400.0,bo_loop
53.9857969260552,6.224075071814768,0.2876433159659739,1.2773211459118852,1.9689139393067547,2,0.1610354050296805,10.0,5410.0,bo_loop
21.307745166040473,3.036352566982408,0.5624867123578754,1.0452559474510488,1.2132755143481315,2,0.1372735065037626,10.0,5420.0,bo_loop
38.37928004779068,7.979716131240102,1.0759081956213417,1.342578261501352,1.7570283142393144,2,0.20203524480863794,10.0,5430.0,bo_loop
40.097302385739894,7.275262040909567,0.9165950154636848,1.352902933844803,1.280773782600058,2,0.18198460343561443,10.0,5440.0,bo_loop
39.983333705019575,5.797461463158459,1.0886033635463628,1.5234676990802212,1.3323550829237076,2,0.14020737942219003,10.0,5450.0,bo_loop
45.19283838122202,8.205666511155318,1.4217430606309633,1.7174090033109415,1.0558928537002719,2,0.15250475448659348,10.0,5460.0,bo_loop
37.86124491342329,6.667380530902998,1.3817595601898813,1.5616223971043017,1.4751110214676018,2,0.18361599320180932,10.0,5470.0,bo_loop
43.268231110825155,8.165796617060032,1.476844858248623,1.438402943858314,1.1934433147750518,2,0.1602231627065999,10.0,5480.0,bo_loop
34.43326660476794,8.272255007536536,0.853492533932831,0.5899786255158461,1.4190496250812403,2,0.3323503984813815,10.0,5490.0,bo_loop
29.281216463936786,7.105372605057701,0.8665580095687555,1.4244385975373068,1.6700144198536622,2,0.21943551414109738,10.0,5500.0,bo_loop
44.55772511847098,8.003993052232424,1.1037132608715128,1.636780528502569,1.4345704040918574,2,0.12704817584479844,10.0,5510.0,bo_loop
49.68089584364759,8.964002811768069,1.272384369375748,1.5425121627382428,0.48664296022250886,2,0.14656002011904828,10.0,5520.0,bo_loop
32.58082651466764,5.782315942916948,0.9737548802330458,1.4118276045227307,0.004973168708527709,2,0.15216104148965992,10.0,5530.0,bo_loop
39.71924651107074,8.08021225498872,1.0911506149103303,1.975990266941647,0.589632064685113,2,0.12407903783031964,10.0,5540.0,bo_loop
47.72184295128627,6.926709127094177,1.8478493532118998,1.5449270047442167,0.5406105518787345,2,0.1292287030511524,10.0,5550.0,bo_loop
45.949706844841906,5.878361769367971,0.10407282163745801,0.8635104061806476,1.9225359451070931,2,0.1556520691607608,10.0,5560.0,bo_loop
35.005932139596865,7.951196053961023,1.335299443179872,1.7415318729831895,1.8151361285910963,2,0.6812205945765957,10.0,5570.0,bo_loop
44.319428456194146,8.720667535284688,1.1299629498899373,0.7008553212490367,1.5208655597030516,2,0.18059102278313496,10.0,5580.0,bo_loop
34.77989050727332,9.397605935276086,0.5619120387729377,1.8329586643081115,0.041757314869851125,2,0.13709071282497853,10.0,5590.0,bo_loop
28.717304744021305,4.772389766014327,0.8527809230743868,1.895363454871363,1.8858627940193984,2,0.249533854430533,10.0,5600.0,bo_loop
54.54334553182342,8.781773204162208,1.30242039252894,1.9915841369915759,0.9155283758517123,2,0.17815155059752855,10.0,5610.0,bo_loop
55.25231123082388,5.991399124659814,0.7657416403665995,0.6052297417258585,1.831015194918717,2,0.13879813437276872,10.0,5620.0,bo_loop
20.353427284682564,9.408729706674889,0.9319218144299717,1.9907417043613822,1.9059175219360036,2,0.21696398986469778,10.0,5630.0,bo_loop
22.486014084780646,5.033558045564597,1.002093539362563,1.9795534326173976,1.1970510128305465,2,0.18456256082203712,10.0,5640.0,bo_loop
20.428270728189382,6.034845700406333,0.023654323171574676,1.9552010382943297,0.6095547790136275,2,0.1009181906455204,10.0,5650.0,bo_loop
21.293424035811285,6.038469215154775,1.4520449837427345,1.9069664535104252,1.971024236397078,2,0.20376547762133587,10.0,5660.0,bo_loop
59.5179299892577,8.423612227559333,0.7282761280373589,1.454957456915349,0.8501851785748382,2,0.1618760633340332,10.0,5670.0,bo_loop
37.30948782322514,8.405289797797652,0.7284013427591021,0.6621564726508504,1.8193444284526776,2,0.27714708720208064,10.0,5680.0,bo_loop
53.438979619725714,6.390580544623251,1.2881965181674193,0.10864073816064512,0.06368032220885822,2,0.11812162708625208,10.0,5690.0,bo_loop
43.90652144254365,5.569295009577573,0.08751319438957661,1.9653762095906055,0.0029741962268474698,2,0.08213243483091684,10.0,5700.0,bo_loop
21.237918065394336,8.073247404113042,0.7557002436864597,1.1265767854740107,0.031125877906758692,2,0.12303288099291487,10.0,5710.0,bo_loop
49.44798797576211,4.891735558158807,0.00985434083411918,1.9975585501947797,1.6811750000415473,2,0.1308578204937148,10.0,5720.0,bo_loop
47.3249015096824,8.11974246468828,0.42094255512214174,1.2858547431773286,0.5888958852962953,2,0.143728172718053,10.0,5730.0,bo_loop
20.60083327744581,6.890392646996396,1.488861633074037,0.6461160109748008,1.0434465855544266,2,0.1517238171635051,10.0,5740.0,bo_loop
37.203393126933605,8.381528621438164,1.1421377578627647,1.4985791311209309,1.9148221165504593,2,0.38011276801624355,10.0,5750.0,bo_loop
46.128404754227645,9.048789857314073,0.40506301034001524,0.09439180491357169,1.5957861494045322,2,0.19284232468626647,10.0,5760.0,bo_loop
37.53329860099705,8.464408849937767,1.3403526279286613,0.6441136820846805,0.3229487855901756,2,0.2205839069677565,10.0,5770.0,bo_loop
59.11597372445396,6.5598592385217085,1.0921744588970335,1.7040527413537683,1.9259952568719116,2,0.18792034956232115,10.0,5780.0,bo_loop
20.314875979795445,7.545221503025135,0.654292365144957,0.15074786558930464,1.8731515870628477,2,0.17262116785818493,10.0,5790.0,bo_loop
47.851042238967636,6.931959423329033,1.9190819252092295,0.11405563665051033,1.0693052505268703,2,0.135684986683176,10.0,5800.0,bo_loop
45.37246503252196,7.665212683821287,1.1653945383231095,1.2492800846223748,1.3888862185602162,2,0.1712961478647014,10.0,5810.0,bo_loop
28.60336196977957,6.472145396162854,0.02008772889949717,0.7931433816313862,0.008347246705626477,2,0.07362263763236375,10.0,5820.0,bo_loop
33.51875794901912,7.251710332867208,0.04222860855485,0.2506421145545352,1.892512220508754,2,0.15017723315096168,10.0,5830.0,bo_loop
45.913603612115324,4.090735033271858,0.7099467365286878,1.9963085047722273,0.23950172592046903,2,0.1304406626035355,10.0,5840.0,bo_loop
32.60982686237181,9.29133892906659,1.0116427916822535,1.1116575466929721,1.8693937158618603,2,0.21672870093972818,10.0,5850.0,bo_loop
24.893441672012536,9.159494854904406,1.995199057329596,0.6880946571460194,0.862688613334823,2,0.16917304869426475,10.0,5860.0,bo_loop
36.331868155431295,8.079817154670296,1.1300000311155887,1.6885539442160662,1.7174412539125878,2,0.8881514623307547,10.0,5870.0,bo_loop
31.16785634517366,5.225183884251564,0.2342215453802563,1.914119868706935,1.919226834712823,2,0.19634530009416037,10.0,5880.0,bo_loop
59.57282834097354,8.97692793042438,1.9481194531430128,1.2948845474507982,1.8506789020189878,2,0.1809811836592046,10.0,5890.0,bo_loop
35.70343418563801,7.929990380791789,1.2208185636095839,1.4314487976328385,1.2480865344777838,2,0.7272441804854617,10.0,5900.0,bo_loop
56.39158482254555,5.458132218207952,1.8772969574369576,0.008042358833650676,1.932920101690658,2,0.21040398653211867,10.0,5910.0,bo_loop
35.56380212543084,4.797404927988476,1.9709970509939965,1.1362753560360357,1.3768848819526291,2,0.1879740965698525,10.0,5920.0,bo_loop
43.9734741772164,9.38301385969988,1.6264128397515722,1.2899593226705157,1.9010258403515135,2,0.20332645021495374,10.0,5930.0,bo_loop
57.36126702796605,3.0370630625133446,0.8126071674002966,0.0025409566526950478,1.9869191242985953,2,0.1788091492898865,10.0,5940.0,bo_loop
58.32640366362338,4.71975609325662,0.5838501512480372,1.9758214481808558,1.1489558909632434,2,0.1501107686134574,10.0,5950.0,bo_loop
33.164064273941364,8.435595120227422,0.5814978701952307,1.0953106097711895,1.040737294400531,2,0.17866633875032673,10.0,5960.0,bo_loop
21.38562063123732,3.025518146709495,1.8902873913245555,0.014328355478122168,0.6945778390171964,2,0.14296933752776506,10.0,5970.0,bo_loop
35.90536106312172,8.261497219715089,1.2185059262484477,1.9021994465817826,1.7818393156037533,2,0.8681629654431264,10.0,5980.0,bo_loop
57.18494490025649,4.563536205387446,0.28808914401000774,1.9867079974135902,0.010759846755494351,2,0.10183825950316097,10.0,5990.0,bo_loop
28.303968250568655,7.701065971505867,1.1632198900980357,1.3873346011995917,1.067351945126191,2,0.17450001470071283,10.0,6000.0,bo_loop
39.397871019131905,9.037326542058235,0.05877810036170561,1.93855649406641,1.2370477626046057,2,0.12066824777719622,10.0,6010.0,bo_loop
34.871569604158935,3.1587801067893646,1.5590161987636773,1.926776676713904,0.6049719733031023,2,0.09897230399153173,10.0,6020.0,bo_loop
29.147142889099158,7.5157664865428835,1.3304944717378606,0.03883230555428119,1.8464685317501919,2,0.22082755602166518,10.0,6030.0,bo_loop
54.132326801974315,9.154822122559782,1.9219424122446973,0.612248942199032,1.4050187877889702,2,0.17967965733291752,10.0,6040.0,bo_loop
31.62266362495528,4.538864117773979,1.8336544123823417,1.9869482398195326,1.643958052623646,2,0.17120178045761625,10.0,6050.0,bo_loop
46.84303588089215,7.7086889035870305,0.2151435584486685,1.0378437468850783,1.436736960058182,2,0.1427705941512246,10.0,6060.0,bo_loop
52.667874644382415,7.839380416400854,0.4312641726442412,0.9587812581162043,1.9566260587007909,2,0.19662202183628996,10.0,6070.0,bo_loop
20.865159677395724,3.1229798896656615,0.09545301753015356,0.43622387388202966,1.5542802700145824,2,0.1417088682479886,10.0,6080.0,bo_loop
26.086069246999433,3.273196716241568,1.8485235500318495,0.7379442143270305,0.1296599016012583,2,0.12865015437650712,10.0,6090.0,bo_loop
21.387463028978594,5.210695929028557,0.4608672333056356,1.9502748946627628,1.9222314524811566,2,0.18004631429393497,10.0,6100.0,bo_loop
59.83707631557869,7.577328936403956,1.3928059817323648,0.439196151766295,1.1238350195972102,2,0.16126335754672053,10.0,6110.0,bo_loop
34.557598820955825,3.152726790914463,0.6745535510783491,1.9528026023698382,0.9809738564114898,2,0.1456859041488418,10.0,6120.0,bo_loop
21.072212645434398,7.197187718998788,1.9704256667565347,0.12473975588910169,1.7893876554986423,2,0.21490796560438263,10.0,6130.0,bo_loop
47.72356122754533,3.3071743308868573,1.7238010850660619,1.481767767081047,1.3988583327295128,2,0.21942083235120385,10.0,6140.0,bo_loop
29.842645076942627,9.284635431029379,0.6887838580107992,0.03370286044077875,0.3912930654046265,2,0.14988975842015256,10.0,6150.0,bo_loop
34.5903319871198,3.717178266546313,0.6163159316562024,0.8154620642779655,1.2140220319158264,2,0.17112467253619162,10.0,6160.0,bo_loop
21.7725709775816,4.953469335539449,0.06476044911950374,1.2989900665326353,1.3795888267323309,2,0.15814170300134953,10.0,6170.0,bo_loop
36.93329746985823,7.463783522053523,1.2458777821663112,1.6255299574957183,1.5417215405028424,2,0.3240228098057632,10.0,6180.0,bo_loop
51.85326490880866,5.103695558592353,1.9784162705208512,1.6015916436579165,1.6974962233064996,2,0.15233250279469265,10.0,6190.0,bo_loop
25.292865877492336,3.064061953583577,0.5299067522964775,0.6461375386096679,0.4888716600930203,2,0.11192713475497514,10.0,6200.0,bo_loop
32.23582962576961,8.275205612348156,1.0609425540300754,1.0376337488497767,1.1306758384764333,2,0.17265262298421094,10.0,6210.0,bo_loop
40.23395088231,8.17308660680691,0.5173695578953388,0.6877218520468902,1.3025448826501833,2,0.17760630109662917,10.0,6220.0,bo_loop
47.7512884776703,3.005046139291198,0.45790678228955906,0.2496150955752685,0.3945005348992421,2,0.09332499459837741,10.0,6230.0,bo_loop
59.187837087210035,7.219681621342917,0.7912098790094315,1.9913980249954444,0.009440952660704882,2,0.1481662644805719,10.0,6240.0,bo_loop
49.55476278931963,7.142781959694262,1.553732630694366,1.934282376942514,0.7909236381782809,2,0.10227168970130049,10.0,6250.0,bo_loop
58.07597516682643,5.143118993067553,1.9069981174141135,0.720548474818486,1.876571077875565,2,0.21045564306040881,10.0,6260.0,bo_loop
58.556565559393405,5.534629679092923,0.018383020939111816,1.4003990804016404,1.068878292692467,2,0.11459241344508603,10.0,6270.0,bo_loop
31.372702749592257,4.909447462659701,1.9944437278721425,0.570378125799262,1.7087304651392863,2,0.20541874115371886,10.0,6280.0,bo_loop
41.70839496364513,9.035911125657226,1.6691018674464433,0.0642891071154803,0.009236876019784956,2,0.10088564842274708,10.0,6290.0,bo_loop
33.77816756999319,9.417492506642501,1.9918912633530312,0.12707376331121867,1.3127342438009224,2,0.16800254770196077,10.0,6300.0,bo_loop
59.625693344621546,3.628352951773589,0.0659527551222403,0.5090481504445719,1.4771182244819479,2,0.11500791106361846,10.0,6310.0,bo_loop
25.592038841740443,8.108593643394615,1.3951352301795377,0.9678445547923944,1.9787625746812563,2,0.21866276496018736,10.0,6320.0,bo_loop
37.57199269317654,8.4746458852451,1.1952089192338804,1.4286832007266905,1.2021987709382298,2,0.19706328941936707,10.0,6330.0,bo_loop
34.31313211151041,6.9570245275509635,1.0317781643427875,1.1054203904817377,1.399080586081226,2,0.16293402511157062,10.0,6340.0,bo_loop
46.65369117438483,3.051006172299998,1.5979625045761434,1.0456177066014285,0.04747925202583669,2,0.11642584678412654,10.0,6350.0,bo_loop
20.864952621700947,9.126805863405032,1.9841184908442955,0.062360232570486396,1.283861883714371,2,0.16642234996574828,10.0,6360.0,bo_loop
36.92721082035857,6.675457220753351,0.7712602843987268,0.6680780370929138,0.4881919813052764,2,0.12206364964626498,10.0,6370.0,bo_loop
31.099121399270103,9.424180364644002,1.4426647708860243,0.9571792715451364,1.8819008787688083,2,0.19399876673374472,10.0,6380.0,bo_loop
49.78970455159572,5.089107551799067,0.0068457299228361634,0.1372996690678927,0.3196085442614276,2,0.12483078382984332,10.0,6390.0,bo_loop
59.75152307413993,6.5893412262488935,0.6613746494950545,0.2408226936920106,0.04396716667955736,2,0.12367273586051443,10.0,6400.0,bo_loop
29.391422702331287,5.650275308997706,0.5165251286536705,0.2551774965950544,1.9092682984467675,2,0.2007258194047556,10.0,6410.0,bo_loop
59.799663536134936,7.593593779173459,1.2743484052013232,1.1956793000103478,1.7862257467308078,2,0.19026307454098218,10.0,6420.0,bo_loop
50.04549547755666,3.0517393464786693,1.406999464452798,0.13280978045916347,0.05638944458550532,2,0.11321179662277832,10.0,6430.0,bo_loop
36.69776698404394,7.5915779466059785,1.3575863969528896,1.5114326035822037,0.9172241308491791,2,0.3322974301112536,10.0,6440.0,bo_loop
29.50602214838907,7.958613153363502,1.7147421060639232,0.40484458245828114,1.9914824810383227,2,0.2202648569189973,10.0,6450.0,bo_loop
21.35040570685504,5.763897747003067,1.978089592055258,0.7391213839135753,0.5352948687806445,2,0.1446306904101109,10.0,6460.0,bo_loop
24.21715970121007,4.168736033630653,1.0636066679103562,1.696321460133194,0.04485773296661555,2,0.11213601659751632,10.0,6470.0,bo_loop
48.245373300038864,7.022456643445386,0.9690359393960923,0.9084222449292709,0.354932645589495,2,0.13285801169471304,10.0,6480.0,bo_loop
34.44723674949742,9.185440433624748,0.7964116945161492,1.2440973411844718,1.9866207458981708,2,0.2042899410967408,10.0,6490.0,bo_loop
47.36763088478044,9.34971011691313,0.757078759840796,1.0958498590194532,1.626255930451857,2,0.16675679606343133,10.0,6500.0,bo_loop
31.6515216077703,9.036886645805748,1.214884649645485,1.9969887560933572,1.9225224895044746,2,0.223120355565957,10.0,6510.0,bo_loop
29.52686563743931,4.799767360191202,0.04366434032052657,1.653054602420031,0.19179970432014093,2,0.1271438255471608,10.0,6520.0,bo_loop
38.3860436173502,3.0873701478078135,0.013667920355683982,0.8147443427892573,1.0300167861519252,2,0.12275152305279474,10.0,6530.0,bo_loop
59.686608551877065,9.492017159557538,0.18371041292682477,0.013201881473100752,0.4301291990213447,2,0.07546970681673679,10.0,6540.0,bo_loop
35.44390547795604,9.352980060194863,1.5102928576494594,1.203334480452753,1.9894168579000464,2,0.23679119394456288,10.0,6550.0,bo_loop
59.860915013794845,5.245318868467212,1.9632627610434077,1.1471252134446617,0.8694822456467879,2,0.15205821260515948,10.0,6560.0,bo_loop
48.36728761964651,3.07557645604619,0.9734460295774512,1.3236838155528772,1.4599352574986233,2,0.11907434634057307,10.0,6570.0,bo_loop
28.770409717895568,5.195745337925011,0.15302277626363114,0.023851584532532222,1.2150619544984522,2,0.10006500102678409,10.0,6580.0,bo_loop
36.383611812650656,3.009405351477949,0.6538752834435566,1.5858860973225597,1.856573582806842,2,0.18956819887000445,10.0,6590.0,bo_loop
59.96023268997586,8.46752733727399,0.03547574615585947,1.4640972625988204,1.892713531318529,2,0.13294254962714797,10.0,6600.0,bo_loop
40.72609545730835,4.821405125360959,0.5772254318491046,0.5176361042427002,1.9882982363660884,2,0.1570626984918682,10.0,6610.0,bo_loop
20.895045811549874,9.402498483870765,1.258305423427063,1.340584128735752,0.3501917514054136,2,0.11189784316798723,10.0,6620.0,bo_loop
33.888120804612726,3.066215519245306,1.8476346930316627,0.300566604764821,1.3416788281572885,2,0.1743613932224448,10.0,6630.0,bo_loop
59.3194866132125,5.255172889329714,0.12243683554939899,1.9908797106142466,0.6160872137501685,2,0.12199359171759142,10.0,6640.0,bo_loop
41.61506928721238,8.033406353542315,1.9020474578826283,1.138614816898933,0.01094045743430394,2,0.1434402270478446,10.0,6650.0,bo_loop
57.528814112251645,7.151127376910207,1.8751209068708292,1.94839489171847,1.9287156912024177,2,0.22313408364762072,10.0,6660.0,bo_loop
22.78686286661022,8.116462700793775,1.3102192175153284,0.006355017123852891,0.9132500815142626,2,0.14144470383225016,10.0,6670.0,bo_loop
58.161897990830454,5.183262685439491,0.033977687505591936,0.6273186086496911,0.1312181424808916,2,0.13174652009756244,10.0,6680.0,bo_loop
20.073779857477373,5.082164584028137,1.4087341647522416,0.4006844241375176,0.5925602804297725,2,0.1282331502672261,10.0,6690.0,bo_loop
59.85331020538194,7.185174069790357,0.36360505586860237,1.5119955410374106,1.38796600525967,2,0.15777192644608257,10.0,6700.0,bo_loop
40.56881095055318,5.300779728830905,1.260566819782929,1.4605845653798177,0.5395959001249337,2,0.11019668969494043,10.0,6710.0,bo_loop
30.108544995810753,6.963105690585797,0.08976451317440559,1.9518111402742613,1.4879852637273083,2,0.1701174606831538,10.0,6720.0,bo_loop
33.74728938598835,7.129805519959778,1.652893133945667,1.197699190854954,1.9963774210548837,2,0.27945577385152165,10.0,6730.0,bo_loop
31.45124891770006,3.017331396588577,1.1940198949538006,1.2806667747858616,1.6382795535540977,2,0.17025133600857426,10.0,6740.0,bo_loop
34.17946572597275,3.0668608088924523,0.88626505847998,0.17046323235995464,0.7573256660729943,2,0.09794631603844936,10.0,6750.0,bo_loop
45.54212810781456,3.0521232868104713,0.4439089178634663,1.9415645602834974,1.8461975943946993,2,0.18273842493405598,10.0,6760.0,bo_loop
35.81835095090391,7.726661709251518,1.3831603072037295,1.3966416005080262,1.288545250138857,2,0.6708019645322816,10.0,6770.0,bo_loop
25.846806823858643,9.486593790460915,0.0022395472927505544,0.789356590774055,0.8837567675611471,2,0.10252470707653678,10.0,6780.0,bo_loop
48.75519213581091,4.911955685296915,1.9440381818294918,0.0737319295051646,1.4635383748496078,2,0.20552262638591268,10.0,6790.0,bo_loop
21.426005659044492,4.593776114419356,1.9573097706345426,1.3774394408589667,1.4868313489187623,2,0.14450339177764215,10.0,6800.0,bo_loop
37.54750142865674,7.116470146128089,0.5678277400585505,0.22934767110268273,1.591346283476801,2,0.24267675419658213,10.0,6810.0,bo_loop
59.341117296551225,7.0823660171350875,1.6327472557470653,0.7440655876428703,1.7600800622726218,2,0.19686032848533874,10.0,6820.0,bo_loop
59.67002120604603,9.11774238132896,1.1637840102862527,1.9709785624506821,1.9265715815034699,2,0.20629773265993276,10.0,6830.0,bo_loop
20.743692274831428,5.989606764901687,0.8482176143785909,0.46847015714648643,0.08167764714917092,2,0.10731362429872078,10.0,6840.0,bo_loop
59.45658953734704,3.6500727268057096,1.3481513950621264,1.3046390639387393,0.38560384676530024,2,0.1564406404596109,10.0,6850.0,bo_loop
20.58396729292103,7.017383988149279,1.820432776787279,1.4285889488526242,0.3521431971887241,2,0.13205423802141375,10.0,6860.0,bo_loop
38.70578551180792,5.036672014895798,1.40033981158873,1.8500886294244496,1.7421049106984536,2,0.18120890390168048,10.0,6870.0,bo_loop
20.674771071343425,3.069364556118299,0.29805422676998305,1.986267080362955,1.4051618240029837,2,0.1363534732045428,10.0,6880.0,bo_loop
20.906193415286978,4.733860920665279,1.2363546449649734,0.05766288303945233,1.9159548208856099,2,0.18493344836484346,10.0,6890.0,bo_loop
41.391301338906224,3.9316308137960316,0.13534343588074083,1.7754768911823167,0.7576342829549028,2,0.11107197803116131,10.0,6900.0,bo_loop
51.21269815209062,9.492911702842022,1.9993457860647417,0.13224215828068253,1.9847485821074253,2,0.2258446088632174,10.0,6910.0,bo_loop
20.089518226448927,8.864742026386818,0.934711025438048,1.8414437187764312,0.8230669949882916,2,0.12397168934510781,10.0,6920.0,bo_loop
57.203602510573035,6.510664425455069,0.6644716386542009,0.09771077979437326,1.3204234129205101,2,0.117707999715968,10.0,6930.0,bo_loop
49.4304639508435,5.225691445215546,1.9198997808037201,0.6965982916789106,1.327114269805845,2,0.17682270123810628,10.0,6940.0,bo_loop
44.911597991309435,5.431816050160117,1.4927877744458278,0.00812903411577448,0.9886443073778735,2,0.12711960374369796,10.0,6950.0,bo_loop
31.253720307475348,3.0421968132072372,1.2686648323805256,0.5253877731588568,0.023790832334263268,2,0.09553161335181974,10.0,6960.0,bo_loop
48.33523699834356,9.30555004100174,0.7490568854141919,1.380482729839179,0.6258046552106262,2,0.1356451475880826,10.0,6970.0,bo_loop
33.18542238957349,3.46712196304024,1.289104095965365,0.47700638801544293,1.8849456014343735,2,0.2049482755226314,10.0,6980.0,bo_loop
53.08857556841481,8.558729334033597,1.5211298794538266,1.3806217228568622,0.9676935198249477,2,0.13814552436121236,10.0,6990.0,bo_loop
39.98262963853402,6.353736827622348,1.9842426270689866,1.173066950628498,1.492718142508983,2,0.1727614921389042,10.0,7000.0,bo_loop
46.71204202960422,4.938936426452075,0.024770593393953266,0.11814199254149882,1.3919655317177995,2,0.13823129203435316,10.0,7010.0,bo_loop
28.552273240042133,5.771465193425403,1.4804862821231974,1.9776895896268516,1.6407617923167248,2,0.18185650271018333,10.0,7020.0,bo_loop
30.758885098621313,3.0803090862293288,1.8838454877194926,0.10592413910275877,0.15127303633838873,2,0.1259744225751014,10.0,7030.0,bo_loop
48.57066854841071,5.044020200521973,1.9914979522282554,1.9365029961464235,0.5590690948184092,2,0.13501083217283033,10.0,7040.0,bo_loop
32.35124731580283,6.57156735571238,1.3330107957243558,1.9985794613969778,0.11077160567575883,2,0.09973631829042437,10.0,7050.0,bo_loop
49.39514577368206,8.991739931727231,1.7409299855315332,1.9876095600475583,0.05502481921248226,2,0.17108770852567662,10.0,7060.0,bo_loop
58.4491433642975,3.175145568359512,1.9629959463824147,1.3513868259674735,1.0462122737560549,2,0.16434421329336005,10.0,7070.0,bo_loop
41.83567530004679,5.6874714836459965,0.2935203630634038,0.7400076368010848,1.1855214134496612,2,0.13962907824990894,10.0,7080.0,bo_loop
20.75134552648795,4.7153408494928595,0.6428652048422561,1.4268423152793608,0.937269632902654,2,0.16548720220404495,10.0,7090.0,bo_loop
54.397958979117234,8.37501196118384,1.9658295673813089,0.0005166150763296073,0.3131025673009815,2,0.13946794264057957,10.0,7100.0,bo_loop
33.06101802095119,4.324607365139442,1.528375181892239,1.1227861123069536,0.6963089678265881,2,0.12231305510330183,10.0,7110.0,bo_loop
59.27135355968174,7.850593382512698,0.7539072265173115,1.1584825620488952,0.07648891845316252,2,0.14254677810328087,10.0,7120.0,bo_loop
47.75695431949174,8.713120804251187,0.02502270479475821,0.5378879394816152,0.766957067510446,2,0.10429063552178162,10.0,7130.0,bo_loop
59.85406813986821,6.871092577899172,0.8271887861997651,0.8236629232125712,1.1342080272670692,2,0.14622254163951773,10.0,7140.0,bo_loop
32.21611759065308,4.758840539288341,1.3761136752825713,0.002311240677666415,1.9170934805847535,2,0.1996379870140873,10.0,7150.0,bo_loop
46.196365563945534,9.476525248986007,1.9994689214950043,1.5296000036735062,1.1599896657281124,2,0.1482513951506853,10.0,7160.0,bo_loop
46.135469042031374,7.670969270234024,0.6479545830757394,0.03655191083574394,0.5050159849042426,2,0.14251404198038028,10.0,7170.0,bo_loop
21.09795309581326,3.460446838265442,1.2252627550956243,1.0614548482628885,1.9692463491946288,2,0.17148107807802426,10.0,7180.0,bo_loop
56.768844812704856,3.394299078482896,1.4651751580672248,0.5797048812907089,1.9632560677475206,2,0.20774783061918664,10.0,7190.0,bo_loop
34.756623074990564,9.436726574019165,1.9359055573270059,0.7633524616300833,0.1838128500624976,2,0.13163643804161843,10.0,7200.0,bo_loop
20.37132410328568,7.567832678120325,0.4319737870890654,0.5799173955558254,0.5566681430789082,2,0.10450952048436923,10.0,7210.0,bo_loop
36.098352241012634,9.29161072825826,0.012613699525961142,0.09291582670178844,1.9946691091726607,2,0.14049764190434338,10.0,7220.0,bo_loop
20.679332820285623,4.140141564844765,1.3073831807441336,1.562737472855003,0.9404873130210751,2,0.16490853419277587,10.0,7230.0,bo_loop
34.0210425178242,8.37205882751308,1.4229291216190827,1.9009392719295681,1.9641953912560137,2,0.3585266772706772,10.0,7240.0,bo_loop
50.101551681686345,9.427544086417765,0.03460451923641661,1.5184456109238533,1.0953460606217706,2,0.1293471203957943,10.0,7250.0,bo_loop
21.47493155957146,6.473415135640675,1.7467117867487527,0.15065034835779811,0.01704275412232037,2,0.07397371950151202,10.0,7260.0,bo_loop
58.97906267148376,6.657617903606479,1.9272773721654202,0.21377106576772298,0.04912412967217117,2,0.10303021474707706,10.0,7270.0,bo_loop
23.547209127013836,9.213193618276254,1.7486607667869503,1.8034953768589954,1.844628603926363,2,0.1661742033411306,10.0,7280.0,bo_loop
25.35672682011855,4.203012856016132,1.9923714913326616,0.6381221922763756,1.1491505485820734,2,0.1701095755466786,10.0,7290.0,bo_loop
52.79652062759881,5.0579797861639575,1.2342092042152875,1.1928031515867485,0.03693474371057093,2,0.12920550008460951,10.0,7300.0,bo_loop
58.032876720828085,5.39238122787029,1.4346510016341443,0.7108365036643822,1.385750158078375,2,0.173264153056841,10.0,7310.0,bo_loop
30.31669877373311,5.311647823166932,1.9523888451764047,1.5313915327421321,0.10793322554929219,2,0.15002881891605563,10.0,7320.0,bo_loop
21.625320720911883,5.705712049603635,0.5739526489214595,1.5403937697576027,0.08652710229582716,2,0.10212821969730405,10.0,7330.0,bo_loop
38.1443651483178,3.221337259414277,1.2863960339723177,1.9540200289519887,1.2527647449540966,2,0.16509387625129535,10.0,7340.0,bo_loop
24.873111797524437,9.414363096101415,1.374579214180643,1.7625889357427547,1.999108439336797,2,0.21949099863567584,10.0,7350.0,bo_loop
35.386688474580424,6.126009345861741,1.0100345516172375,0.05769539279380309,0.49968449750131416,2,0.13327363201382555,10.0,7360.0,bo_loop
59.590081731312104,6.217446886051954,1.2101382932388525,1.5935084846784802,0.772324143192471,2,0.14436568314841003,10.0,7370.0,bo_loop
21.511392103347657,7.824282829848753,0.09900574553167196,1.3791119369167844,0.8237536736981634,2,0.15888395960457946,10.0,7380.0,bo_loop
20.59617099841727,9.39558791062871,0.8886575689042768,0.07167051752378772,0.7718443639196253,2,0.14082826540381166,10.0,7390.0,bo_loop
31.602322537767144,7.660533442251274,0.4634865523429803,1.9784615132551544,0.6675008439828172,2,0.14294242689254116,10.0,7400.0,bo_loop
31.356994216793122,7.558223707708368,0.0225874605196541,1.002371459772236,1.9346812686173744,2,0.14617877844252847,10.0,7410.0,bo_loop
32.10804027046716,7.16706946235987,0.13990403177447885,0.036085768444775734,0.544338316659281,2,0.11694766161079409,10.0,7420.0,bo_loop
45.65084093610279,3.1263680866113375,0.11449297778910084,0.04562435296491163,1.8786446995942738,2,0.1825831576605114,10.0,7430.0,bo_loop
36.42966987212715,4.211940177419865,0.6302672093853929,1.4187684398582565,0.06635490889142126,2,0.11222988021870382,10.0,7440.0,bo_loop
29.079714575152792,5.993403643486947,0.5039883195001116,1.9715462388901803,1.3915523175244573,2,0.17087676756303716,10.0,7450.0,bo_loop
39.484184537654556,8.059760137264805,0.6636850008875637,0.9467645111301137,1.9849870113344708,2,0.17079187338900978,10.0,7460.0,bo_loop
59.709401220661256,7.607148696394965,1.986642683677108,1.315726895853947,0.3468964199410287,2,0.11968799221739808,10.0,7470.0,bo_loop
36.16135183835964,4.033879940950442,0.000934289849746639,1.5108580526975206,1.9943629345756169,2,0.17739110093810626,10.0,7480.0,bo_loop
26.06414303552619,3.3383923693365016,1.3155819781751024,0.007848204026333239,1.5204643631876846,2,0.1773792888249882,10.0,7490.0,bo_loop
50.08564246044257,3.054653655463265,1.5124301838231011,1.9715466568177071,0.6220474744538684,2,0.12262076589120696,10.0,7500.0,bo_loop
20.429064462642316,3.0543942080442634,0.08233322524223152,0.4861724023300351,0.060963432429262054,2,0.12111902304408095,10.0,7510.0,bo_loop
36.91683946749284,4.614674813593885,1.3954508857406935,0.655530519031102,1.12624617420393,2,0.18097344276020863,10.0,7520.0,bo_loop
28.95856520565777,8.877942130226618,0.05422010796040677,1.1291809264415313,1.9645628246267364,2,0.1350423027958541,10.0,7530.0,bo_loop
51.70798361862947,9.381922574710572,1.2841977312756623,0.16872089004918744,0.06944076783248088,2,0.11534408018572259,10.0,7540.0,bo_loop
50.01760778396947,4.773429199054229,1.753022037485771,0.6265763181649124,0.05259320776686072,2,0.15222580575628136,10.0,7550.0,bo_loop
24.430462060932122,9.397045080059762,1.384772514958985,1.9927885436001258,1.2688982531420894,2,0.12108888575487814,10.0,7560.0,bo_loop
46.85920937909737,6.219294716949245,0.396563339342366,0.42659105273695785,1.6684453231701832,2,0.16468743668272925,10.0,7570.0,bo_loop
20.326859957161133,6.981108591955037,0.5605360580802532,0.031760554312872724,1.000314656532903,2,0.1500675762694163,10.0,7580.0,bo_loop
48.10354848377965,3.108342043702357,1.905187509120829,0.7158579606651554,0.7433483413357496,2,0.15623746394870672,10.0,7590.0,bo_loop
31.39094083252697,3.230326479001065,0.4174822214874623,0.2271963975532103,0.00587991600615223,2,0.07051825387129887,10.0,7600.0,bo_loop
56.96364243045593,5.153025364380754,0.383934940606911,1.8971055677120525,1.9698021353173631,2,0.1921611263272168,10.0,7610.0,bo_loop
58.925070157892165,8.149379651393183,1.1289393432926464,0.5330912347063674,1.9274965485556483,2,0.23598015365369784,10.0,7620.0,bo_loop
35.39934050947975,8.247131079526232,1.0040935097985852,1.4225614513037328,1.8767791412747559,2,0.8218046399739475,10.0,7630.0,bo_loop
44.32781010593416,4.651948055272352,1.9777893789772172,1.9689657129662375,1.44130615920224,2,0.1779787625857273,10.0,7640.0,bo_loop
44.96141391106087,8.398020981582022,0.5651916352069277,1.5651249797435494,1.5501856897104258,2,0.16016069637154534,10.0,7650.0,bo_loop
28.73639991777324,6.837874316587699,0.5348003872918079,1.819166719972491,1.9453583267005792,2,0.1492244756271634,10.0,7660.0,bo_loop
59.81794427914538,8.992928439787734,1.1126225595077974,0.11556274421284862,0.7398554889436755,2,0.1438919089686222,10.0,7670.0,bo_loop
38.989492200816755,7.932905877746664,1.0574800721397495,1.755471661069582,1.6885987977175518,2,0.18501438525047445,10.0,7680.0,bo_loop
44.08283031499004,6.755534858823257,1.523333122846733,1.3856758149216168,1.4505600543346167,2,0.19797293801218632,10.0,7690.0,bo_loop
51.37309243759877,6.9090561698114215,0.345136950424654,1.9767637280865926,1.5091044018709643,2,0.1714027497207298,10.0,7700.0,bo_loop
29.114960305904674,9.429233116583696,0.8231860891921567,1.821121520054609,1.9926725887245558,2,0.1632116344669837,10.0,7710.0,bo_loop
39.00344319106155,9.234533772728932,1.1067616460362684,0.6230976517108322,1.8926809216895162,2,0.2103266289100853,10.0,7720.0,bo_loop
47.18499258968335,5.888738114822164,0.7082714511849133,1.8904640341677648,1.3337960178595256,2,0.1867614696703535,10.0,7730.0,bo_loop
31.00841277424998,9.355223693449245,1.3774445706824479,0.514238924069645,0.6326502434095067,2,0.12705470925362786,10.0,7740.0,bo_loop
32.02221132538591,7.588031415476801,0.4487745148574893,0.053932927620542914,0.008883271802637704,2,0.10759684039703565,10.0,7750.0,bo_loop
35.04497037295335,7.844923793862261,1.1147814276199828,1.4395487123401445,1.8144408268339058,2,0.6382851580133702,10.0,7760.0,bo_loop
34.674137907457116,9.031849885412988,1.6158162078170781,1.8225820802683537,1.430324846548757,2,0.18653667846031352,10.0,7770.0,bo_loop
38.39728373883927,9.390407693524967,1.385657890308343,1.0902516034892948,1.9610423435950917,2,0.22704560022908116,10.0,7780.0,bo_loop
35.412570020844115,7.156466212122785,0.7990144955403129,1.283732802957035,1.6119825141980924,2,0.25810579275933243,10.0,7790.0,bo_loop
42.84188107431617,8.465774908156567,1.0541774561690875,0.6267567411649431,1.9702110344519017,2,0.21574984799039182,10.0,7800.0,bo_loop
24.40285911621742,6.857392619336592,1.078815578263101,1.7801521458437273,1.920571898111619,2,0.1965246142449094,10.0,7810.0,bo_loop
45.72027142916026,7.272750174273111,0.9485181089009791,1.505895272052901,1.5840134715336807,2,0.19453401105835824,10.0,7820.0,bo_loop
22.637170052368212,9.387300359482442,1.9579016402099392,0.6120034895079942,1.5491719657727407,2,0.19113033956038616,10.0,7830.0,bo_loop
37.169638671531175,7.375302398552854,1.0198833325467085,0.6207745647207765,1.9331975841081674,2,0.32273827800751465,10.0,7840.0,bo_loop
43.211315477720156,6.323352001395338,1.1555190363255265,1.3175544715915288,1.4574117001968765,2,0.18977595402895545,10.0,7850.0,bo_loop
42.17746660574126,5.23713598587203,0.06724619324800774,1.4085728494485,1.2669075334449353,2,0.16159416708020713,10.0,7860.0,bo_loop
35.08267743374928,6.935733107603776,0.034568934174091126,1.3448192009862303,0.9325505353715824,2,0.18288411855684306,10.0,7870.0,bo_loop
52.079665450390884,7.011729162606968,0.2334551049960869,1.8979179864637228,0.21391235322102387,2,0.09959646877043894,10.0,7880.0,bo_loop
59.10237584770331,8.745241679496054,0.6277215330462402,1.9415752065699845,1.4340308244068753,2,0.14288269717451418,10.0,7890.0,bo_loop
50.25075462505612,7.211470927870866,0.8529990398211769,1.6020174287180964,0.5718781950566898,2,0.10533779352035454,10.0,7900.0,bo_loop
53.63572649608612,6.3104166748039585,0.825433752980141,1.9950484845202683,1.6638619678071211,2,0.15803158912947288,10.0,7910.0,bo_loop
20.060378944182716,5.084219060766429,1.4042203806204674,1.6202492661388204,1.6800886901294438,2,0.18739755704598013,10.0,7920.0,bo_loop
22.014414519459407,5.116970681301953,0.7253940862814083,0.5094603603473122,1.9973220747212415,2,0.17362298930147946,10.0,7930.0,bo_loop
41.13122106655389,7.391378843927634,0.006689305101128307,0.7522120165276052,1.674843506967675,2,0.11791524253893863,10.0,7940.0,bo_loop
39.54635815241082,7.4942517429052415,1.4151675699462358,0.0012381183245151473,0.5973840389870424,2,0.113666958732494,10.0,7950.0,bo_loop
27.390121888372313,5.723830788370776,0.08349308724009274,0.757086521103739,1.1606911362714263,2,0.10170376095788154,10.0,7960.0,bo_loop
32.87368415245652,8.584248609349475,1.2801879045743725,1.8289273186371493,1.6722735090946141,2,0.22464903469694447,10.0,7970.0,bo_loop
46.523502960226665,9.41845478475707,1.8609649708275444,0.6226247405778111,0.7483184205570246,2,0.14231473284713717,10.0,7980.0,bo_loop
40.97482621832139,9.1702320545987,1.010257976497795,0.8954213834257279,0.6685130179879355,2,0.11714266977557246,10.0,7990.0,bo_loop
39.863244225688724,4.186102721941236,0.9601316699395392,1.778374215192145,1.9933559764143651,2,0.20945013057669915,10.0,8000.0,bo_loop
39.124799222479226,8.220586946521518,0.9671395518809975,1.445518808131673,1.3177977167519312,2,0.15107838377939842,10.0,8010.0,bo_loop
43.31290891946207,9.318747290724517,0.997034808314492,1.7694930782755995,0.637676362815649,2,0.14274830490786117,10.0,8020.0,bo_loop
50.38264801401629,8.065020762182646,0.6589898868726807,1.9296960456923622,1.1882758983641546,2,0.16325306000300568,10.0,8030.0,bo_loop
31.14761406524518,8.89129152674434,1.9094869752860113,1.9315495820325312,1.9916388002284204,2,0.20154654282975143,10.0,8040.0,bo_loop
46.73346880724725,3.150903489651369,0.07372874482230074,1.375569146063479,1.6858231208708367,2,0.1462541964542876,10.0,8050.0,bo_loop
40.84576008106417,3.134009774262275,1.2034360455114637,0.7506800343222164,1.2073800682856575,2,0.12575672591591225,10.0,8060.0,bo_loop
34.75548825372309,8.151272016390298,1.9592629278882543,1.9807095162543629,0.9018115130372144,2,0.4450165764004927,10.0,8070.0,bo_loop
38.697494468033184,6.899952614695102,1.3681173188703686,0.9789066360343588,0.4811724491531093,2,0.14855451261069472,10.0,8080.0,bo_loop
42.506004769720434,7.5825794539668285,1.1440700131064245,1.42834386789934,1.4394629545485347,2,0.1525010844820984,10.0,8090.0,bo_loop
51.08495299896923,5.82410126307814,1.5792043812753225,1.9611844592991692,1.5676637622076168,2,0.20060920126088308,10.0,8100.0,bo_loop
48.42896476476877,6.814017247305584,0.8616233999562679,1.0401164050269511,1.029795165958819,2,0.1904348104140332,10.0,8110.0,bo_loop
49.84924159805442,6.494966592978141,1.295511762590917,0.8651407004979217,1.4780203067041446,2,0.17316380239077356,10.0,8120.0,bo_loop
24.11650292616795,7.185613913283944,0.8105209113863254,1.1809292662279889,1.8334335069259,2,0.17947495975927014,10.0,8130.0,bo_loop
51.44343589908435,8.390720227165858,1.0667424878663982,1.0345680761822065,1.4689886084410806,2,0.2002614484590708,10.0,8140.0,bo_loop
35.14422779116602,6.644302723472244,1.1803621855121351,1.3275145973502238,1.328134002830439,2,0.1954012835729137,10.0,8150.0,bo_loop
48.202467300858515,7.331472176662092,0.6247058885068921,1.7682897898789298,1.4700314548001376,2,0.14924268587194472,10.0,8160.0,bo_loop
43.41241200653424,8.01568151166938,0.9612036756931259,0.7099134232011599,1.3888816265098909,2,0.16178702610397086,10.0,8170.0,bo_loop
57.31597900025395,7.122497044978835,0.2028701135227602,1.2381944563880634,0.697835019932812,2,0.13826701732779795,10.0,8180.0,bo_loop
50.52193370857992,7.442458143172269,1.6303580541443432,0.8437139155543525,1.2228557577194585,2,0.18306973252251293,10.0,8190.0,bo_loop
28.86464055340731,4.888770884934853,1.0168416812170906,0.5350551542418935,1.652728488638723,2,0.1731242047490535,10.0,8200.0,bo_loop
26.785333678228866,6.131530211146701,0.8390263316971445,1.73017590099117,1.9784821362205105,2,0.19525451789941345,10.0,8210.0,bo_loop
48.318999026610655,4.621040275515262,0.8491393385121593,0.2750721645121905,0.0035347392966837976,2,0.16352187914519625,10.0,8220.0,bo_loop
40.3569989641155,7.62529231586698,1.5693518486037443,1.972381959371048,1.7430806580797893,2,0.20071204042875687,10.0,8230.0,bo_loop
52.4231383000331,7.79691310307445,1.5847577793992846,1.3627477005980797,1.5196200972327767,2,0.18832817060068552,10.0,8240.0,bo_loop
36.17164566435804,5.664612240993234,0.966653692678445,0.01919353204460328,1.9216206947377659,2,0.2522460459079261,10.0,8250.0,bo_loop
38.95450135198054,6.7399855664103026,1.9442912869680828,1.9396221446890887,0.41259765154140404,2,0.17244263365705376,10.0,8260.0,bo_loop
28.447858386208907,4.319745372803808,0.5051859762134421,1.55095856194517,1.6254252244561802,2,0.19467248363368608,10.0,8270.0,bo_loop
55.48878566188521,8.915782881714346,1.2676744428006759,0.018093240980515235,1.950628785937427,2,0.19494402257257162,10.0,8280.0,bo_loop
45.733936162956475,9.193600541998741,1.2356495702293517,1.620099247456175,1.4326288767903774,2,0.17231534910701196,10.0,8290.0,bo_loop
40.45706324302684,4.793405008518346,1.6674725909226642,1.5017867156553721,1.3103604435206337,2,0.20621730159323232,10.0,8300.0,bo_loop
21.117558262871768,3.4978816524388323,1.8501775140191061,1.3695305346480406,0.10011156176245395,2,0.122049993356982,10.0,8310.0,bo_loop
59.68918956923801,4.142125779273966,1.5739835806457614,0.08337684688862357,0.5334550976046395,2,0.1255636954817236,10.0,8320.0,bo_loop
49.31005760726066,5.090262260231547,1.0395980556797106,1.1888584847049737,1.989469521715901,2,0.22587794243809017,10.0,8330.0,bo_loop
27.997526441225205,7.337571099234524,1.9072728296594836,0.8847976357135205,0.09361926526717301,2,0.1448170829595709,10.0,8340.0,bo_loop
50.8817495867957,4.364637435071376,1.544450015062586,1.84041461847436,0.010749135471153748,2,0.1257547727844049,10.0,8350.0,bo_loop
38.3671982493981,8.980041503455467,0.6295831402537189,1.8792995842879752,1.9628692345433907,2,0.19792822224695034,10.0,8360.0,bo_loop
21.787653249264057,8.318723171333092,1.9557472647018048,1.9970497991989145,1.0591547213288484,2,0.1442860310480784,10.0,8370.0,bo_loop
27.465592183427777,7.7356390080615895,1.3543475373679839,1.6418416132330593,1.9910710279453243,2,0.21972370300620653,10.0,8380.0,bo_loop
22.012054978357092,4.621456021296301,0.03657912441585154,1.1897522035970034,0.5417399014411137,2,0.08206072210102498,10.0,8390.0,bo_loop
49.985556670226714,8.273515947497177,1.110115271938387,1.4949526088847251,1.5087957985698321,2,0.17329459098023864,10.0,8400.0,bo_loop
58.48557872424981,8.602154989120493,1.5233837949017064,1.7098290823309918,1.989680328733794,2,0.23080382566127697,10.0,8410.0,bo_loop
58.2978017184891,9.29497881661174,1.4265270215358017,1.2972980493204707,0.06734921894963541,2,0.12707236740765618,10.0,8420.0,bo_loop
46.47919333388143,7.758677367128064,1.2894006977521215,1.1300147938941447,1.1189084997666878,2,0.16911471754377194,10.0,8430.0,bo_loop
31.426400820325235,4.185794017936452,1.975936206171934,0.08138380465854622,1.829585436819414,2,0.24300076734483272,10.0,8440.0,bo_loop
24.24221482426018,5.950703322042731,1.9716808582251082,0.533748230835372,1.9874487144447457,2,0.23142653812740138,10.0,8450.0,bo_loop
29.873481073828266,3.0918267517293785,0.6771957076382829,0.32467132884754313,1.5248633388709665,2,0.1496931367017637,10.0,8460.0,bo_loop
32.39118303235073,9.123164234874126,1.8105767249892277,0.7641765442282258,1.5522444248002776,2,0.17271226802056788,10.0,8470.0,bo_loop
50.27335875245909,3.052461515106656,0.13859300784155426,1.4123362050421737,0.014671373453326808,2,0.10748240799352009,10.0,8480.0,bo_loop
56.363660304646935,9.191360492772521,1.603279371760404,1.993735140471534,1.3630382018087157,2,0.1620367343134922,10.0,8490.0,bo_loop
58.9194972507888,8.209019130724197,0.18491989518579555,0.6945090262251525,1.3031919740779514,2,0.12495514721696467,10.0,8500.0,bo_loop
59.941253033307824,9.150802153443804,1.1712997004064958,1.7538406207114008,1.2661018952342706,2,0.13815497774407237,10.0,8510.0,bo_loop
45.21337574667275,6.0893188332994495,0.3045091553543551,1.288900445221535,0.7042012981203796,2,0.15274369838828414,10.0,8520.0,bo_loop
59.971798116613904,5.408250291083981,0.007563742211335933,0.09805947393373637,1.4336961865103295,2,0.12782256010105902,10.0,8530.0,bo_loop
31.056986267459223,7.737409576724605,0.8172777638364916,0.8221710798726025,1.6182086740321415,2,0.17575734581428282,10.0,8540.0,bo_loop
28.29048982274704,8.268285273094008,0.579591665002358,0.11723525642146382,1.9766939535516403,2,0.1865441126331751,10.0,8550.0,bo_loop
31.645823890094174,3.0934374901678057,0.6145955259818023,1.9979710504847306,0.2229495919676603,2,0.15017342924200525,10.0,8560.0,bo_loop
45.363588210958376,9.498291398667618,0.8085825592550273,0.14772608316088953,0.5557051680657195,2,0.1447359335570145,10.0,8570.0,bo_loop
38.63588492092269,6.801659016076993,0.6895771211083468,1.350595297620057,0.7575766768500076,2,0.133181474836427,10.0,8580.0,bo_loop
23.05589076848208,9.487498773742573,1.0532155894741873,1.560002836829273,1.7831369426391885,2,0.1628040529311487,10.0,8590.0,bo_loop
53.66533967480061,6.482180212473509,1.4694742362907642,0.016397548891488034,1.9899602824401157,2,0.1701531989320177,10.0,8600.0,bo_loop
49.3242527440177,5.938173490334481,1.9907531932475255,0.9601630799594545,1.937303532182629,2,0.221734607337442,10.0,8610.0,bo_loop
20.354631106899724,7.16405253964588,0.5799604152857631,1.9008014523704615,1.2842198692594873,2,0.128120583203983,10.0,8620.0,bo_loop
48.77720595015808,4.054798045002398,0.03470450125245583,1.1769227839303908,0.6594657900573182,2,0.1045367955907512,10.0,8630.0,bo_loop
58.490457313302706,9.437315703487878,0.2979172282203282,1.481802639766752,0.5619772228199933,2,0.1309128730191303,10.0,8640.0,bo_loop
39.33982504974023,8.49198723144426,0.11448801734154301,1.330352871929759,0.040148587444967854,2,0.11228391929499637,10.0,8650.0,bo_loop
28.442702724821665,9.27091192008145,1.419328092601983,0.004994081529857697,0.27077526273593566,2,0.14247983666259087,10.0,8660.0,bo_loop
22.186015786297023,9.432492382569613,0.6535275368112345,1.6072168311863033,0.038923299349827634,2,0.13170642756408305,10.0,8670.0,bo_loop
54.31433648614298,3.034173964988072,1.0831162380189274,0.28226286799244793,1.5485308617241904,2,0.17050588887927576,10.0,8680.0,bo_loop
59.654626737574596,9.374945861452217,1.1233184805984877,1.4397914852110276,1.9045122349351105,2,0.17625008375368317,10.0,8690.0,bo_loop
34.62976861728281,4.764566865829303,0.007889061816660492,1.1030274337109187,1.6557864073264323,2,0.14876113403722557,10.0,8700.0,bo_loop
59.63073819025904,9.152087872548057,0.137704095630365,1.97807381045455,1.8683986844223923,2,0.15947330985230695,10.0,8710.0,bo_loop
20.09355271944896,3.5539082061231633,0.8134796726283215,1.2688142417920742,0.45543324332727586,2,0.11163201433347708,10.0,8720.0,bo_loop
42.52474410818001,3.160857597012999,1.4990233959448167,1.2855344894991223,0.881074368728799,2,0.1265563045890462,10.0,8730.0,bo_loop
59.36433793225493,3.0391705852377457,0.4434213067035593,1.5125311611234624,0.8538708677287772,2,0.10318599442013252,10.0,8740.0,bo_loop
31.977681791782544,5.842317689050121,1.994588168275901,0.03907900160140576,1.2617333021144197,2,0.12855504723407873,10.0,8750.0,bo_loop
46.14973618561665,4.985279083423984,1.131918168461111,1.9456895226345783,0.6455376577350478,2,0.17139197047378443,10.0,8760.0,bo_loop
42.50205662586946,9.316324916615383,0.11923149824838375,1.1582109050124825,1.9758269839033746,2,0.16834279452041512,10.0,8770.0,bo_loop
20.805769899004417,6.217450323221895,0.006087820782798348,0.072132993037755,1.7148238744225057,2,0.1288155099448268,10.0,8780.0,bo_loop
37.362478100764136,8.089606656714928,0.9431407931212281,1.4940906775213836,1.528149588137952,2,0.34054673287357873,10.0,8790.0,bo_loop
35.75400678537703,9.46978798755158,1.9758825525281816,1.9177719691302844,0.9866990533772968,2,0.19164972033134445,10.0,8800.0,bo_loop
21.12674287607289,3.0184857422455655,0.6138127189238247,1.0944534856360153,1.9268863780542336,2,0.18337708315572998,10.0,8810.0,bo_loop
59.97836617274991,5.539016499605486,1.599000120936851,1.9220308843868754,0.016506413632645378,2,0.12745465349540946,10.0,8820.0,bo_loop
57.78762020078559,3.225570055843303,0.9511368205342938,0.004357405771213907,0.16468346426868963,2,0.11095907240442796,10.0,8830.0,bo_loop
40.65387591075266,9.407765141143466,0.027858634421833672,0.7040308029760589,0.11119298929443566,2,0.0883313472004677,10.0,8840.0,bo_loop
20.564072556274944,3.4221529039912912,1.1184651870215534,0.7793698515140044,0.8182644500420277,2,0.1616081617943552,10.0,8850.0,bo_loop
21.839568329051936,6.555505503506049,1.9959454907237915,1.9886555190182262,1.871938227828013,2,0.2098857071597184,10.0,8860.0,bo_loop
45.52799795347539,7.756651793541203,0.6636795709257195,1.1742183372322186,1.047786318935315,2,0.15604207011042012,10.0,8870.0,bo_loop
59.80889130197758,3.5375374283610705,1.9130676619421647,1.6836418959327977,0.41147826989384817,2,0.15939272688659822,10.0,8880.0,bo_loop
47.392091213027605,5.110210445074654,1.5421858015505905,1.0182195153364704,0.9426977336728586,2,0.1651814272775053,10.0,8890.0,bo_loop
33.09992290865302,7.51666621346522,0.9979219836742892,0.6886828606894773,0.015451189415609745,2,0.13113932012400395,10.0,8900.0,bo_loop
32.83991409497857,7.632915478470134,0.9882776654857621,1.3662976891610197,1.1250829766137633,2,0.1891684812090607,10.0,8910.0,bo_loop
47.54843108089892,3.5356813753125067,1.3648000901732609,0.017281976987324033,1.3661850166350362,2,0.17966699659707502,10.0,8920.0,bo_loop
41.20181244745932,8.723766672034678,1.0572713272044052,1.9718628980583746,1.9617750950701223,2,0.20384497534923476,10.0,8930.0,bo_loop
49.78902248009532,7.151056394718464,0.33952415450918916,0.7089052241807994,0.041051615850527856,2,0.10902298430415096,10.0,8940.0,bo_loop
22.53376176954212,3.770360174282559,1.115872720318251,1.986802852814697,1.9834991786897989,2,0.1622611525631758,10.0,8950.0,bo_loop
20.964223646635002,6.72062567285897,1.1951632981367273,1.495592534406795,0.08083898116882726,2,0.11331965997081199,10.0,8960.0,bo_loop
35.42637734905041,9.065665272197837,0.7811266743941061,1.074730885008253,1.4631299451569642,2,0.1945076671419643,10.0,8970.0,bo_loop
48.718363045616925,9.454937870008779,0.4547757874381877,1.846926224818717,0.07675366260818683,2,0.11968719870304753,10.0,8980.0,bo_loop
30.735169620206083,9.021211004130596,0.7100939624318454,0.5187835026096645,0.817837927886194,2,0.1384871721679879,10.0,8990.0,bo_loop
21.098793792355586,5.601899756176837,0.07949646211158323,1.2805605320964821,1.8996593891090663,2,0.1779163009510885,10.0,9000.0,bo_loop
29.908785620109605,3.0185783605607783,0.10778134158983699,1.8067068479961659,0.10098712597635506,2,0.11381964918874643,10.0,9010.0,bo_loop
40.60918245535059,5.081030301318529,0.7969470703127186,0.40278642185062496,1.1880510627284164,2,0.16694426631243137,10.0,9020.0,bo_loop
32.33791090291882,7.920871567237674,1.468710884057007,1.4081149114313893,1.0924617308272475,2,0.15979780014432585,10.0,9030.0,bo_loop
53.10178937665462,7.680527696012952,1.508623697185237,0.08002618499374958,1.4525397272032077,2,0.19634384284967774,10.0,9040.0,bo_loop
36.42710026242584,5.962186796234076,1.5778990793823229,1.764192811543583,0.8583644973585813,2,0.19619808828575894,10.0,9050.0,bo_loop
33.853485871894684,9.003065138138513,0.010913420542600694,1.9665567441779483,0.7043551127648786,2,0.11135786302236254,10.0,9060.0,bo_loop
23.782836985941643,9.158071140467957,0.8340660472850838,1.4936773722115353,1.976348969466623,2,0.1937028066146091,10.0,9070.0,bo_loop
29.765670975611876,4.395440080343443,0.02845711770592274,0.27664085448686415,0.5657975265687896,2,0.08772599324264176,10.0,9080.0,bo_loop
35.65971241932584,4.782171406815849,0.5669154494401052,0.7475547659005675,0.16462105812153216,2,0.1335943188796422,10.0,9090.0,bo_loop
59.10731437878205,7.279328780784132,1.9612288308675025,1.468193525694955,1.430707112143172,2,0.17189216597351217,10.0,9100.0,bo_loop
20.698967538705702,9.049406718891136,1.4163577308458348,1.4388805376290321,1.25680798630104,2,0.1492534686494865,10.0,9110.0,bo_loop
45.84855734344826,5.19798008745906,0.7900874531403126,1.5196967105999293,1.660433388256792,2,0.1446723701969063,10.0,9120.0,bo_loop
20.541055650365617,5.149607668922052,1.1672015793868205,0.0072049090146126815,1.2177548641755536,2,0.17132348306147183,10.0,9130.0,bo_loop
50.67371827835939,3.040326002556206,0.8079265985883044,1.6276094305348732,0.004342423422857289,2,0.12811230280628105,10.0,9140.0,bo_loop
21.698121747490745,8.546491675073689,0.12879421257294044,1.7437974598505586,1.6556362895288177,2,0.1653329293555064,10.0,9150.0,bo_loop
59.93597187056362,4.556990284202341,0.6205150795371657,0.03738505705384587,1.6256095340522165,2,0.1680231228432122,10.0,9160.0,bo_loop
50.14982726282861,9.012801239170969,0.8159005447425463,1.1150133824409596,0.0036443089244642124,2,0.10614954168279267,10.0,9170.0,bo_loop
50.79951271710728,3.0669707772115054,0.3091594681469305,0.03482057329400634,1.2991963570192575,2,0.12141358031635266,10.0,9180.0,bo_loop
50.70005413178079,3.9596260508212158,1.318226412485226,0.6502147426859561,0.5644320702101735,2,0.10629987330147463,10.0,9190.0,bo_loop
59.001720828232756,8.555450467397776,0.6199459423052012,0.06740429059051412,1.4749871418539597,2,0.15238305847494574,10.0,9200.0,bo_loop
58.89807474515938,4.246673645019772,0.6533197570817046,0.48384631964390845,0.34454811168385246,2,0.10303506531708861,10.0,9210.0,bo_loop
38.95163832425295,9.22820528089085,0.7369224145571927,0.2683943655611982,1.2815100520365899,2,0.16543916886638627,10.0,9220.0,bo_loop
33.90016856226078,3.006982889518463,1.9714607375422764,1.3636965965764252,0.7941232159962845,2,0.1829645506022186,10.0,9230.0,bo_loop
43.77389838894003,7.125337220776486,1.9801067743970162,1.9991554107346603,1.0542908492714145,2,0.1754007419683254,10.0,9240.0,bo_loop
32.593058419001046,8.08955596821945,0.04024821178878013,1.2382035444043822,1.4264125325366037,2,0.14816200668204843,10.0,9250.0,bo_loop
59.8721936024672,5.155399771855482,0.21463939767875817,1.3457202288844639,0.2911641956846158,2,0.08294939703663382,10.0,9260.0,bo_loop
59.62296732952404,6.177393159399582,0.18342286584930356,1.9715324300277586,1.38292378605794,2,0.12986729185150445,10.0,9270.0,bo_loop
39.86377910633183,5.91994282149215,0.6737741295737856,1.9999312621774665,0.026394838686840894,2,0.09708922252989396,10.0,9280.0,bo_loop
48.662781157145766,4.0907980789674685,0.656400716903959,0.8101091621335117,1.988579278986256,2,0.2016443237829791,10.0,9290.0,bo_loop
56.383243928839505,3.280635697584964,1.1933605676170382,1.9727966843098748,1.7815501571415058,2,0.20974450024448182,10.0,9300.0,bo_loop
51.237502181632024,3.064574548672356,1.9941878448560506,1.9844546128930698,1.7268121309513058,2,0.19316267961813538,10.0,9310.0,bo_loop
43.36330313912056,7.600673100030534,1.5495455280015247,0.5559176475022483,0.004611770387240366,2,0.15596927927789608,10.0,9320.0,bo_loop
59.34193832248144,5.489212164120911,0.024630514260826075,0.1363477041613832,0.6526868158233667,2,0.11566909000706428,10.0,9330.0,bo_loop
20.552527177113355,9.424500489211093,1.911511394546394,1.3438689008395361,1.4980767120519214,2,0.1561351994403928,10.0,9340.0,bo_loop
21.686084257243362,5.858074033619216,1.303783791182386,1.3013603132258822,0.5919292180409799,2,0.12379231207774204,10.0,9350.0,bo_loop
29.684469966742697,9.309620028454288,1.047461711330163,1.9199948183320086,0.3783860309672835,2,0.1409340200505716,10.0,9360.0,bo_loop
59.47829545925042,6.509915931352436,1.1986889206291584,1.277682238640113,0.029405482848982478,2,0.14696437040520152,10.0,9370.0,bo_loop
51.445476297948176,4.688662849910567,1.4811193282265915,0.111732674793803,1.9848923202038915,2,0.2436476123641252,10.0,9380.0,bo_loop
54.960834121157845,3.106675995905435,0.14257042540048603,0.5424020798966644,0.00683270920553114,2,0.12652708076021013,10.0,9390.0,bo_loop
49.44390186177156,3.181359423404819,1.9953912028187708,0.5116325866692246,1.503174914623112,2,0.20182422834398064,10.0,9400.0,bo_loop
58.9416612466837,3.440188648868606,0.4523248423169939,1.4018050104493927,1.7510187587982828,2,0.1853754186170824,10.0,9410.0,bo_loop
31.695707640487385,7.459493715663658,1.1995067854372607,1.6585288462613885,1.1850493473950998,2,0.2043989237655485,10.0,9420.0,bo_loop
56.69083439972541,3.608536815281732,0.010114983928597665,1.1703180438997045,1.1837312763585186,2,0.11179770614421419,10.0,9430.0,bo_loop
35.57675789051909,7.100011786600868,1.5102114539571265,1.9785544995819309,0.7082873521485911,2,0.2328068531912328,10.0,9440.0,bo_loop
22.050037911716792,9.449736771210084,0.10220183437997399,0.093409509375314,0.20139798469821413,2,0.10572330399499726,10.0,9450.0,bo_loop
28.731424152700402,8.8546196293408,1.9841005744839684,1.5278329930041974,0.38234813624014063,2,0.14587192399293064,10.0,9460.0,bo_loop
55.84526773868885,3.0550441102650687,1.4147430221889714,1.0464305019477274,1.9729193253166484,2,0.23237369283640247,10.0,9470.0,bo_loop
30.80521907670985,6.632391416771682,0.014453456335018044,1.4846256333566947,0.3502785753183246,2,0.07606405971467134,10.0,9480.0,bo_loop
20.16992642714548,4.832310417826026,0.5742048297171047,0.619034978974049,0.6331548269909817,2,0.14562173184946586,10.0,9490.0,bo_loop
59.150977988730865,3.04247657928106,1.960820977058241,1.3588374769604321,0.048751911263986925,2,0.11045861842890926,10.0,9500.0,bo_loop
59.362960285313214,8.721290166722635,1.3354907498218893,1.9015776520676477,0.0765060405259319,2,0.13857663714185348,10.0,9510.0,bo_loop
20.027399249303762,5.156722810871367,1.280968175923874,0.1260024181355699,0.03579444421846878,2,0.12197062096328633,10.0,9520.0,bo_loop
27.254529702817514,4.497330922032521,1.6630449196201684,0.04764917465705043,0.739185911208672,2,0.13806992992545664,10.0,9530.0,bo_loop
28.33084985837951,9.299213466997836,0.1594675217010777,1.993552896918769,0.005007601340118795,2,0.1006542601645173,10.0,9540.0,bo_loop
59.13280031829399,9.368093843694535,1.5495294895678247,0.8399428660971826,1.0488028959712563,2,0.1659909907620341,10.0,9550.0,bo_loop
50.71061193740974,6.316385622187876,1.5824581982278685,1.2580175303514431,1.8840021524305846,2,0.21094208937189438,10.0,9560.0,bo_loop
52.833527856401254,5.5326648533930065,0.5881604967259932,0.7173530572184921,0.8009166075252783,2,0.10659150280846036,10.0,9570.0,bo_loop
20.70779801400587,7.752005109294343,1.953092164835085,1.032271342971259,0.8384165766925129,2,0.14657031447118152,10.0,9580.0,bo_loop
55.47175558600922,3.0166670572485215,1.9909596289943803,0.16579969236041836,0.6171606268642944,2,0.16018961715592558,10.0,9590.0,bo_loop
20.161346296922208,5.730590365475021,0.24455503290771552,0.5130986196598584,0.12238864932631777,2,0.105957522489362,10.0,9600.0,bo_loop
20.01774701627395,9.104373795210467,0.6647495929828213,1.965217446983657,1.395316971139045,2,0.15844950697997576,10.0,9610.0,bo_loop
46.6439623514929,3.1174744369199097,0.9284195463205522,0.09464220718428074,0.9310640813853763,2,0.1432383380251228,10.0,9620.0,bo_loop
20.362445990910274,7.3345394753027,1.3337544668269363,1.1264594651473163,1.1476118051641742,2,0.13276682205899257,10.0,9630.0,bo_loop
38.984625457637705,5.1026223640678445,1.987905342561358,0.5847007214352262,1.2051333180876576,2,0.19716581344245784,10.0,9640.0,bo_loop
28.609661305804927,9.445825388029945,1.7054056674796458,1.295097149508588,1.539813530295732,2,0.20394517989705932,10.0,9650.0,bo_loop
48.208252115484285,7.060337283433943,0.048457585503027145,0.13983164169865114,0.9615955233083557,2,0.12469581956406477,10.0,9660.0,bo_loop
25.204492657460456,8.888832312395728,0.19495105049031247,0.5214145024576398,1.9998065877681654,2,0.15140046026116483,10.0,9670.0,bo_loop
20.06643272780311,7.681759930037548,1.1404360651318093,1.3032692829793864,0.6182581297837637,2,0.11819136237948803,10.0,9680.0,bo_loop
36.00160566974699,7.938628460896986,0.8552010985292096,1.6575607116049744,0.024118482294259724,2,0.3884393435725985,10.0,9690.0,bo_loop
33.73122437116226,4.754320480573109,1.688762516020251,0.6985727516103348,0.08060993962248797,2,0.10813617792509031,10.0,9700.0,bo_loop
22.147787123073506,6.562666955282018,0.0016502520001833165,1.9867548116354519,1.886268905137115,2,0.168692753961966,10.0,9710.0,bo_loop
58.78762786213549,9.331634624991585,0.7328646237862138,0.7231610394910422,1.164332469024972,2,0.16315247837203536,10.0,9720.0,bo_loop
58.67981944938278,7.552111520605535,1.277504894294686,1.099548752430949,0.6445610432834552,2,0.0901513940796595,10.0,9730.0,bo_loop
39.3835502344115,7.816126620891323,1.62958062125736,1.9727741369703298,1.9758632759228005,2,0.2360614867847795,10.0,9740.0,bo_loop
44.211745034990976,3.0857517198239766,0.10647899791056847,1.8673058367497704,1.2835669748569583,2,0.15861939455822402,10.0,9750.0,bo_loop
24.84336941765998,3.0668178498674297,1.972585807647542,1.3059662397700802,1.1666919439288637,2,0.1537974711804909,10.0,9760.0,bo_loop
32.35416724784659,6.477032940716979,1.8134032846968604,1.8788055180439602,1.8997956544118322,2,0.2346528109481879,10.0,9770.0,bo_loop
23.27770247600575,9.374438734677124,1.991465251193174,1.3893788838682355,0.7721692221849179,2,0.11272814680951451,10.0,9780.0,bo_loop
56.7905082849557,5.953717777419657,1.7681409998346267,0.71117569291158,0.4463666325404487,2,0.15133126361170257,10.0,9790.0,bo_loop
31.484378021804012,6.269953035764171,0.49442304944706983,0.4624577759688673,1.0046324074004958,2,0.13855251257549137,10.0,9800.0,bo_loop
20.937340176137482,8.87673873987962,0.41254329681112756,0.6687108120390026,1.356831799513403,2,0.1360267454531232,10.0,9810.0,bo_loop
32.46981979153933,8.635822194217942,1.4415011556037518,1.436009836601469,0.011928360621067613,2,0.15275146391842415,10.0,9820.0,bo_loop
57.87043294049371,6.955491399940375,1.9486055638030426,0.10148984911760772,0.9102781505670032,2,0.14116126413794944,10.0,9830.0,bo_loop
59.76637018515767,9.286928882967649,1.5135262778516367,1.4850011907648673,1.6690337525424703,2,0.1739844502854385,10.0,9840.0,bo_loop
53.42834157695995,3.0655599548741432,0.5863784157533178,1.902436296099071,1.4579079832359296,2,0.14303697471894156,10.0,9850.0,bo_loop
20.42759544516274,9.373713578258407,0.07287190821828182,1.4490669051668394,1.9938593916301652,2,0.1512975671896114,10.0,9860.0,bo_loop
55.68937984442773,5.9015038005192775,0.8367107201533699,1.9851733271362872,0.7227213597342403,2,0.12486062096932057,10.0,9870.0,bo_loop
37.30765519718442,8.315965663390603,1.4248263702766988,1.5755500266647098,1.3974733082233757,2,0.27131388396588274,10.0,9880.0,bo_loop
59.69710136934548,9.226225127106051,1.9790998286235655,0.7961736562851887,0.25369315614550625,2,0.1300977632466798,10.0,9890.0,bo_loop
43.81151870788581,9.419099409757507,1.77493178686802,0.9173906664199998,1.4972083054242893,2,0.18525189066909575,10.0,9900.0,bo_loop
42.216872627845184,8.045947800950703,0.6175775599728002,1.6015170568420822,0.30635497046720217,2,0.11663515954249273,10.0,9910.0,bo_loop
46.189939903675665,8.91051850123827,1.9898069192293335,0.011947644388580425,0.9898167187427798,2,0.13191211744267708,10.0,9920.0,bo_loop
49.254013460566185,3.600487745399602,0.7873224367809482,1.9737614828691246,0.8050311237528174,2,0.15916404009126672,10.0,9930.0,bo_loop
29.490070508719647,9.325252819741067,1.8722002666474675,1.9735333556641064,1.4933215009373195,2,0.2057187343320025,10.0,9940.0,bo_loop
50.89058686987915,3.0019302604288036,0.9974429182227462,1.377562068646429,1.9969262121040723,2,0.212145904943241,10.0,9950.0,bo_loop
54.186423942510714,7.628817924894332,1.9919714306217122,1.187120553104783,0.9865713322526803,2,0.14492048694303716,10.0,9960.0,bo_loop
22.399371234660727,7.810159303105481,0.9285200137475638,0.03111324316736419,1.3957947332421006,2,0.17150843092840107,10.0,9970.0,bo_loop
30.03268949596134,8.362862719192133,1.5332712227866223,1.9843262712742098,0.9562957162046144,2,0.127359105054142,10.0,9980.0,bo_loop
49.05297561230509,9.463428604438185,1.4114771033392557,0.7506581505127716,0.3384234533227808,2,0.12346833946626017,10.0,9990.0,bo_loop
30.589124858227628,7.435842811168426,0.5514109627720396,1.4450055168456226,0.0572312495171603,2,0.11255591776580234,10.0,10000.0,bo_loop
20.276071680713414,3.0169485536928495,1.059432925542841,0.21096950996151498,1.9934794129599078,2,0.1840217765934824,10.0,10010.0,bo_loop
38.68601699751406,4.375397188624593,1.4600347389506148,1.3111918669897011,0.009661452677481419,2,0.08201603540551991,10.0,10020.0,bo_loop
59.26140923019433,9.446902102847362,1.7813231468026103,0.008995741712631178,1.6654738123286221,2,0.18105188312906997,10.0,10030.0,bo_loop
59.344272888740555,5.702016405855542,0.11339494878222056,0.04109043586467509,0.01397644645605678,2,0.13296781416889242,10.0,10040.0,bo_loop
35.97994124987343,4.2966161531449565,0.018236010772974875,0.007221941021272826,1.9280443039007125,2,0.15964910402167,10.0,10050.0,bo_loop
38.602388244142816,8.03251096094348,1.9243268013294401,1.6173970818847405,0.7728046056412394,2,0.13317542602437074,10.0,10060.0,bo_loop
48.466123073450255,5.315528096227316,1.7413139260958481,0.07819715538630523,0.43134511752546945,2,0.12032274294312721,10.0,10070.0,bo_loop
27.033578528099312,7.5001814001715035,1.9770360040540913,0.6029408838498134,0.8558245878160684,2,0.15339461288721964,10.0,10080.0,bo_loop
45.345529057481,3.248533336293139,1.9473455160024964,1.9671242954214652,1.0460905609919384,2,0.15843793827768118,10.0,10090.0,bo_loop
29.463670547704904,4.911762384025459,1.3548290272726933,1.9814967919877002,0.6918011437845808,2,0.11631911701037166,10.0,10100.0,bo_loop
21.135183911607793,6.813821573520316,0.9928615298818437,0.3634587692884248,0.7708343261052122,2,0.11770325218140841,10.0,10110.0,bo_loop
49.66706416971469,4.946811950517904,0.6240388225416829,1.43407185450681,0.2752999104456437,2,0.15013385840517965,10.0,10120.0,bo_loop
29.081328992265874,4.299986824647015,0.7743849242104213,1.9877833365641129,1.426869637517673,2,0.16832662909863702,10.0,10130.0,bo_loop
50.10812432567083,3.1424320809152633,1.9852172676336612,1.986425843163827,0.17577092996767485,2,0.13488225207649143,10.0,10140.0,bo_loop
21.157001058452053,9.472627256309185,0.05492377467826648,1.9566249740308383,1.9805970902427241,2,0.14199525294065315,10.0,10150.0,bo_loop
45.29917324930646,6.450300803515719,1.9662759411551878,0.6929761628560394,0.05505368498040131,2,0.11906345771975113,10.0,10160.0,bo_loop
56.22246289656918,8.010199182941562,1.9898041690722301,1.9832288278519372,0.16420587192074199,2,0.13023558765580937,10.0,10170.0,bo_loop
59.695449943432635,6.938121138354658,0.044934542691012824,0.23901798238116512,1.8230912529028847,2,0.14849291551759836,10.0,10180.0,bo_loop
48.34874399552316,5.280878433737286,0.038062631776098366,1.9684461234714155,1.099389170264937,2,0.09888019342479443,10.0,10190.0,bo_loop
22.023544874222708,3.0975178711773266,0.05109975099348896,0.018604078869584484,1.110360594466927,2,0.13435985957779994,10.0,10200.0,bo_loop
21.87600558369864,9.441025636219148,0.1080614468891572,1.0912779399941277,0.4457159778529345,2,0.12173612573862372,10.0,10210.0,bo_loop
32.02579851700047,6.215115861369638,0.07395140223920826,0.7690826158202129,1.6972773411963773,2,0.1285922996330982,10.0,10220.0,bo_loop
39.559574335660066,4.575181257595059,1.993087713055742,1.1583300733433597,1.825063413765722,2,0.21247489779692968,10.0,10230.0,bo_loop
20.818335906955248,5.691658080155051,0.39910476635757575,0.7707144700900126,1.6204853450804841,2,0.17606111347509856,10.0,10240.0,bo_loop
37.37478223000547,4.513224369618045,0.6074536142604021,0.039582799885637954,1.6715087527002308,2,0.1518237245323166,10.0,10250.0,bo_loop
58.59512447942598,4.509918101266813,1.0839347001158368,1.1495052830121812,1.58921396397701,2,0.18343472952819895,10.0,10260.0,bo_loop
48.45714372669978,3.90538938909393,0.03058500605181358,0.3488919980994649,0.8739387850196687,2,0.1050067173477887,10.0,10270.0,bo_loop
30.586955700284577,7.681539382782588,0.019266992359169954,0.8204501867053893,0.5731294814014545,2,0.1276989151306637,10.0,10280.0,bo_loop
58.66303800591223,7.904423717518805,1.9918196617333417,0.4905551556815124,1.7672563187699877,2,0.20752841013277118,10.0,10290.0,bo_loop
30.942195651364464,3.3401104379730073,1.9718882351626994,1.9689645026771219,1.9282212458423156,2,0.15939267621673375,10.0,10300.0,bo_loop
20.53607336718269,6.233037855705877,0.12957211137506186,1.9960011487022553,0.023729646948329464,2,0.07168284575912427,10.0,10310.0,bo_loop
53.335750689409906,4.539923803669446,1.589810833396337,1.4510209687482445,0.9681278027126752,2,0.1687669569798256,10.0,10320.0,bo_loop
44.5348883201004,7.3824380288562725,0.008236062448041759,0.8902547604422093,0.4641801566077317,2,0.11757220412386502,10.0,10330.0,bo_loop
31.673851436051173,4.747042237059605,0.01261039976296785,1.9764908134732986,0.7161279445838831,2,0.08939980568909327,10.0,10340.0,bo_loop
38.504643316635025,4.856928430075625,0.7242546531744687,0.044092331163343434,0.7383046363352261,2,0.13194629855990833,10.0,10350.0,bo_loop
59.626772100811266,8.745381626552524,0.40391845427381545,1.2589954840845536,1.466962509868347,2,0.12421288676314239,10.0,10360.0,bo_loop
30.385104888407632,9.313006873753011,0.8773240148332495,1.2598532180771689,0.2048696205365561,2,0.09846113244379649,10.0,10370.0,bo_loop
20.08393478933346,5.222399140506405,0.6075760474676837,1.8223535737016432,1.3607366571676989,2,0.13356851158335706,10.0,10380.0,bo_loop
58.927853848935705,3.952291981404751,0.47516951645935723,0.386112818293713,1.9530000289946077,2,0.17354771711336864,10.0,10390.0,bo_loop
30.676044796888746,3.3427610595925876,0.5505114766372434,1.3029688431908957,1.219045383237048,2,0.14300804333158865,10.0,10400.0,bo_loop
30.300566047435012,3.0621120122485843,1.8991988582584123,1.7168094492122614,0.054216348384771074,2,0.10043411187250499,10.0,10410.0,bo_loop
22.344223084846497,5.025183546132611,1.8916157159793394,1.0644171646548286,1.9709187823631777,2,0.21902312728056123,10.0,10420.0,bo_loop
20.64047804122286,9.443588206182858,1.9396454978162199,0.4604099672297055,1.9791231315318083,2,0.18912876384999627,10.0,10430.0,bo_loop
59.6447432569949,4.951536647441124,1.974309250623949,1.9770143531281394,0.7625155574137572,2,0.14358925733718453,10.0,10440.0,bo_loop
41.47718319449124,8.043803117376077,0.20105509955421375,1.982613814560888,1.5350902835242262,2,0.1349840745512217,10.0,10450.0,bo_loop
31.977813717104624,7.799314764239064,1.5178380294871643,0.20706817918692555,0.0641924914198706,2,0.09938631981474214,10.0,10460.0,bo_loop
20.16810804710904,7.250220589540796,0.03215916676998187,0.08428169164753507,1.2383681047824833,2,0.15333664944174424,10.0,10470.0,bo_loop
44.93330884633886,9.428819137916449,0.06491349492070664,1.8195974819676197,0.6718582704887774,2,0.11497775852946944,10.0,10480.0,bo_loop
31.62004138590259,5.852806222375429,1.8315826042641496,0.5150636965721265,0.7605149918298013,2,0.13849588867578905,10.0,10490.0,bo_loop
39.05856097672057,3.0021751693234937,0.7700695106541708,0.5926930865669655,0.36028168011860573,2,0.11470652745020646,10.0,10500.0,bo_loop
47.978204766027204,4.369472192393708,1.5772783706617268,1.9783055871691833,1.9677626922046598,2,0.1863356235065998,10.0,10510.0,bo_loop
20.083228091158105,3.5795607277667383,1.02948006920315,1.3281203497127505,1.3955549131211078,2,0.13777131393581404,10.0,10520.0,bo_loop
32.42628308711818,4.508977908159261,1.2513793924285834,1.5799532650718024,1.4196508190074588,2,0.13441982128185037,10.0,10530.0,bo_loop
20.02231696404934,3.9622223023085406,0.010195487770797707,1.2897820412966383,1.8554387463263176,2,0.16125634334205297,10.0,10540.0,bo_loop
59.60764031751609,3.2170579520683074,1.0021776887959097,0.7050296156889688,1.1112884254293771,2,0.14836639258589515,10.0,10550.0,bo_loop
54.275516592209584,4.763116830341383,0.005652863035992217,1.3311912626252016,1.8987804308833525,2,0.15383228556126363,10.0,10560.0,bo_loop
33.61469560161083,9.405029667650123,0.11751032386547466,0.19417204693363077,0.24652157198071278,2,0.11631038680989964,10.0,10570.0,bo_loop
27.2904804380549,6.7653159347434855,0.8855037146154097,0.16554811907912304,1.972607252869738,2,0.2029414047766527,10.0,10580.0,bo_loop
50.61136335215678,6.4331991445750685,1.0156843647328322,1.9887035164716564,1.306918811248685,2,0.1475837477787801,10.0,10590.0,bo_loop
36.46135086675812,4.843084127171284,0.40329787964442754,1.2225042889008237,1.99694356024179,2,0.21577227091089907,10.0,10600.0,bo_loop
57.62665327128917,8.388587408926835,0.002623836233698107,0.13542404722617296,1.500319919524482,2,0.12033159917151667,10.0,10610.0,bo_loop
39.60109585571171,7.218165364917023,1.1118769001810485,1.30672699663451,0.004804362929641037,2,0.10323620782939734,10.0,10620.0,bo_loop
55.656915417161606,9.364166109442579,0.7867506455855084,0.1073860023826887,1.9571782476928938,2,0.17738770657416378,10.0,10630.0,bo_loop
37.509655119482574,5.4923523877262905,0.06214807566378244,0.06544888656980308,0.11008426302128504,2,0.08698040876003549,10.0,10640.0,bo_loop
28.41631959081946,6.042562821569502,1.8056752224715575,0.02809655152880075,1.979257327212281,2,0.2237491363288236,10.0,10650.0,bo_loop
28.63422606493611,7.955480372993596,0.7671283282186587,1.994726147783667,0.01523630877686255,2,0.1246793438173547,10.0,10660.0,bo_loop
30.3458039666693,4.9978548099355615,0.8370737328686815,0.009266283186755153,0.21126114630256598,2,0.1532688191393427,10.0,10670.0,bo_loop
51.215560161219514,9.419605010758723,0.34066998065751797,0.30736256403194906,0.0385171905516144,2,0.08930523738732063,10.0,10680.0,bo_loop
39.71391295599671,7.955304810567053,1.3679918198142949,0.00029613214448165337,1.6609649428716264,2,0.1930599333678908,10.0,10690.0,bo_loop
52.29343149982195,7.620986076098122,1.9859128450113879,0.051775674541495675,1.6277550993954526,2,0.17584189083598703,10.0,10700.0,bo_loop
59.69981612092238,4.023827417222257,1.7813428550131811,0.6495360765337617,0.9352029374356401,2,0.15896395841820407,10.0,10710.0,bo_loop
59.27167236936645,3.2672433152290656,1.6794528336487082,1.3017393143894767,1.5724763030048192,2,0.15269880057785212,10.0,10720.0,bo_loop
50.211350770497816,6.874252268166209,1.7019698961136354,1.2353517750975274,0.0337272906468129,2,0.10656987933626516,10.0,10730.0,bo_loop
40.32857337539366,3.352018748091732,0.03978380930680259,1.27421293930795,0.4311786048441464,2,0.06461830576891253,10.0,10740.0,bo_loop
49.610841691109684,6.9311298960993435,0.5714201230313867,0.024279960383575272,1.9113109086208975,2,0.1972769936578872,10.0,10750.0,bo_loop
26.981278628254238,3.0106249669094747,0.05356257702372447,0.9883459085525794,0.5819179893348718,2,0.1305596332286911,10.0,10760.0,bo_loop
36.76497187875732,9.43958747895062,1.0694183791511138,0.014520764891956972,0.03598807284689909,2,0.10208866147411823,10.0,10770.0,bo_loop
59.89993956305936,5.934020779907788,1.2656953365336487,0.9780655503877427,1.9440151882835548,2,0.21179249960074642,10.0,10780.0,bo_loop
20.930499826479874,9.119379365733451,1.493235999635483,0.7253578530567752,0.013280083616152405,2,0.1039564375699679,10.0,10790.0,bo_loop
20.40181196296311,6.005107479308989,0.008816294090499222,1.1716308358007166,0.08594868824966384,2,0.1083804018004967,10.0,10800.0,bo_loop
20.213467135563935,6.603766032539859,1.376484311128646,1.8954297301333234,1.3566186119107175,2,0.14795905572513374,10.0,10810.0,bo_loop
20.416397571950647,6.982503958191609,0.016373259928598394,1.486694959337008,1.2392120476132304,2,0.1155585004951287,10.0,10820.0,bo_loop
59.77537055887521,4.414960420634728,1.0834854315138835,0.6833912022057109,1.9824543130716719,2,0.20537150271647267,10.0,10830.0,bo_loop
20.23084634873893,5.857929020723308,1.6941966476401003,0.03530263380561327,1.4230198197951536,2,0.20368351470258614,10.0,10840.0,bo_loop
48.68253974256227,9.46056612292604,0.05372155519495836,0.723005213330749,1.3303102199795378,2,0.10101470446820601,10.0,10850.0,bo_loop
54.491036494441765,5.969374246679256,1.12004539320172,0.4420822253293588,0.9571049040180248,2,0.13189469970830797,10.0,10860.0,bo_loop
31.10934582642114,9.445680842620938,0.3133747092356254,1.3119167739315105,1.9409767426932447,2,0.16996714460289428,10.0,10870.0,bo_loop
30.22873954083801,4.847229939814071,0.7525845996110163,0.7467771200266728,0.7305083109773893,2,0.12545127918167656,10.0,10880.0,bo_loop
32.53605752262568,7.612012211748384,1.9269790865823615,1.9566161026993203,1.9378619596133306,2,0.25341631641060486,10.0,10890.0,bo_loop
59.85468287640747,5.884009479375267,1.98718488455198,1.1081452805099723,1.453252429429507,2,0.19298715487565424,10.0,10900.0,bo_loop
20.12935315420243,7.756744047607565,1.6834546782810464,0.3678974885082331,1.3338804601128988,2,0.16034780167296597,10.0,10910.0,bo_loop
40.24980041946871,3.0513919397574627,0.9428703984458071,0.9224960650298213,1.9934688954265647,2,0.196989785142227,10.0,10920.0,bo_loop
58.878194098168784,3.0017455768330037,1.2922700392098174,1.6612273789773118,0.7483359126334395,2,0.12585129984071117,10.0,10930.0,bo_loop
20.00853224795016,3.5395387742429487,0.5840985420185074,0.0913950424586043,1.891551995916075,2,0.1906556302555237,10.0,10940.0,bo_loop
59.70309963129094,5.099495292998993,1.4264360689425912,0.736788911439979,0.012793432020440365,2,0.13751175221054762,10.0,10950.0,bo_loop
45.286372922372955,7.745753531174874,0.017966551608988413,1.4282758176128738,0.7666629496016264,2,0.1678610924826062,10.0,10960.0,bo_loop
21.32708115764126,7.07038999949793,0.5453052630738486,1.5977463582890281,0.5212503483929116,2,0.12185969329334966,10.0,10970.0,bo_loop
20.299154050078595,5.331047737754238,1.7021933263947595,1.959450706706626,0.5611442488730654,2,0.1358624942355912,10.0,10980.0,bo_loop
38.80617670763094,3.2195894173240416,1.5142905909584738,1.4062330672759462,1.9833425761021322,2,0.21278755099738278,10.0,10990.0,bo_loop
21.61819706851987,3.007203900320953,1.6491865744467793,0.498848682278459,1.5495010679723806,2,0.18286283758531544,10.0,11000.0,bo_loop
59.11462042707877,8.795288486191449,0.02621765875941695,1.9110577916626765,0.6634361143110779,2,0.11495759606741152,10.0,11010.0,bo_loop
35.93453159025054,3.1076226082313285,1.6535556401669784,1.255120836362354,1.5171817202185076,1,0.19335948729388736,10.0,11020.0,bo_loop
33.03042505342175,3.9768901347361405,0.9355281385687619,1.540137664975588,0.6228535767257903,1,0.10701859113657974,10.0,11030.0,bo_loop
53.076494656630324,8.371182141412575,0.8732334647218905,0.09413274701571361,1.0501704036343082,1,0.1389916508617574,10.0,11040.0,bo_loop
25.316089635477578,4.91238128182969,1.3948062988369871,0.7513160589371817,1.9944471568188404,1,0.20522724075608118,10.0,11050.0,bo_loop
45.696668880092744,5.572349769408897,1.0717083503735658,0.00021705106895320014,1.6553508547053604,1,0.18229137659743638,10.0,11060.0,bo_loop
51.86416613977727,9.484108958570507,0.6162949292120403,0.8189767059652711,0.6611613699573058,1,0.13551603423947275,10.0,11070.0,bo_loop
59.96559586369103,8.487377205961417,0.04304044892698444,0.8639049903010789,0.44631365487744157,1,0.09969892792222602,10.0,11080.0,bo_loop
20.65946013808309,9.255274252344597,1.4480995452668863,1.9484492826633937,0.579280218524451,1,0.19599241292564182,10.0,11090.0,bo_loop
44.78667231306629,4.810192400457506,0.29913141094127615,0.6025522700910895,0.4672239199469568,1,0.07946865917345045,10.0,11100.0,bo_loop
20.85812879516423,3.5429934396191634,0.7142499805352374,1.9335077993061491,0.9314948004144892,1,0.1467079812032483,10.0,11110.0,bo_loop
46.09116640682679,4.964194869732506,1.2878838766972185,0.058402765076815744,0.024335832298372218,1,0.11772641864473105,10.0,11120.0,bo_loop
36.21169308527132,6.592788791511802,0.9301463452492698,0.9356187758490073,1.9728393230064138,1,0.24102339107171544,10.0,11130.0,bo_loop
41.93841615953107,7.752010937380878,1.1589333098499845,1.9699057762033487,0.006775572828180421,1,0.10520721900563292,10.0,11140.0,bo_loop
52.63233738877426,3.102984019522772,1.5254175104943035,1.513973323214043,1.9507165050790067,1,0.22231882451662777,10.0,11150.0,bo_loop
24.17706569738208,3.109573458787324,0.629188536804504,0.47008285961285656,0.9990534006704896,1,0.12213750442823591,10.0,11160.0,bo_loop
33.52885174901836,7.981090425062108,1.1732742574444712,1.92960428335298,1.9854316020381575,1,0.2752511324288492,10.0,11170.0,bo_loop
20.213898538695826,3.187044640807297,1.8625039643453507,1.3058968242279407,1.7344657193328794,1,0.178319749074229,10.0,11180.0,bo_loop
29.44775022996636,3.839485724030334,1.0334055468794765,1.546573200898305,1.9934400067901068,1,0.1923348684408805,10.0,11190.0,bo_loop
47.74289881061032,5.021344526123604,0.6026196511900079,0.9832749733080883,0.006426433610049909,1,0.11165002144039379,10.0,11200.0,bo_loop
35.171946939832694,5.039590996316395,0.12900162823584393,1.8647132798166586,1.3104104200512119,1,0.16008298948526378,10.0,11210.0,bo_loop
20.071319578509275,7.196168272011821,1.744256155786801,0.020928589787031715,0.5235918825689072,1,0.13307568289607938,10.0,11220.0,bo_loop
55.60710637006879,7.548181696850751,1.9827857963583242,0.6540219951477804,1.2522986569517902,1,0.19020403340352948,10.0,11230.0,bo_loop
59.82708206931374,5.169512742836448,1.0955667792057056,0.07197632934718756,0.021186596385490475,1,0.11232621475793217,10.0,11240.0,bo_loop
48.705916623305285,4.581066848268147,1.5837907375983629,0.8734240198867198,1.860799662461371,1,0.19838227009864864,10.0,11250.0,bo_loop
55.114574750595146,3.0882122608199154,0.011061382038390022,0.010097408546542175,0.6034570865147979,1,0.1119872097428467,10.0,11260.0,bo_loop
43.0871685329645,5.069271712305417,1.987707832936709,1.2311150695748034,0.6657124389563842,1,0.11984663606106144,10.0,11270.0,bo_loop
59.79852492079755,8.341180811700148,1.2205116223395573,0.024896536889007947,0.025737342037323696,1,0.10818571030156976,10.0,11280.0,bo_loop
31.918525522099642,4.06816741137336,1.3430401975318538,1.97308146076568,0.06421964736181351,1,0.092818124658857,10.0,11290.0,bo_loop
47.77526602051318,9.2608935643984,0.019381162752379444,0.0663147646598452,1.9301749150228518,1,0.13136581771827574,10.0,11300.0,bo_loop
34.47706629889601,6.279124354823052,1.947443428384641,0.5080379672310178,0.004591028695813515,1,0.12426901676582441,10.0,11310.0,bo_loop
42.138253615899075,9.436256968635233,1.821900849223246,1.1315726999701847,0.6545105633896986,1,0.15870280477886356,10.0,11320.0,bo_loop
50.90808132249055,4.9659802652220995,0.8695852363136634,1.2051913018440314,0.9825439188910714,1,0.16905339646116804,10.0,11330.0,bo_loop
38.10726258890504,4.919523075747721,1.8975434503489035,0.16675602100409304,1.9950509475737712,1,0.21673727049037741,10.0,11340.0,bo_loop
22.795261081363254,5.018648809414438,1.9996351802664194,1.937276458740797,1.7873381236786539,1,0.19546155431082546,10.0,11350.0,bo_loop
58.83659801078974,6.228477234995611,1.9998588414928973,0.9885392464351397,0.01968101091303831,1,0.12672486295824825,10.0,11360.0,bo_loop
30.626238922372885,3.622094431594869,0.028836150173088715,0.5209759687536102,1.354268069562785,1,0.13630492775765918,10.0,11370.0,bo_loop
48.228753569770646,4.233688586539776,0.4766185683862121,0.631874617743349,1.363345424335266,1,0.15516921822895127,10.0,11380.0,bo_loop
37.347170902407804,9.423400680107655,1.972041876550718,0.07039424255746174,1.9721679311765274,1,0.22875776970666475,10.0,11390.0,bo_loop
58.735016290407025,4.476956523403081,0.960588959419397,0.0409559407318818,0.7884468184567437,1,0.18574468051611295,10.0,11400.0,bo_loop
34.758494930617516,3.7103181594476298,1.4246714455207055,0.007790314017805278,0.47253313182888546,1,0.09359230225400175,10.0,11410.0,bo_loop
55.31593596740477,6.901166209833235,0.5332464819978959,0.036171761873132535,0.5473606744955075,1,0.10458284277976969,10.0,11420.0,bo_loop
37.41800113673638,3.2693576084979017,1.9480900302596853,0.7270842439305263,0.0549055331626771,1,0.11696051076038327,10.0,11430.0,bo_loop
38.26122147420706,3.030564878547455,1.9874691140627512,0.1008277192758471,0.7026236145789257,1,0.15149342489110076,10.0,11440.0,bo_loop
43.13581380750236,8.21743438192771,0.6119831219630452,1.809373079023892,0.8866448008937591,1,0.1560238465205353,10.0,11450.0,bo_loop
50.3311068189261,4.371096760616086,1.3468040234862868,1.7086485999588423,1.5007096692730673,1,0.1778975671529553,10.0,11460.0,bo_loop
21.14984823416084,6.560391615183912,0.8209112915464558,0.9382247965332977,0.5152740302801169,1,0.11561496885270348,10.0,11470.0,bo_loop
31.533660417143892,7.133160781909576,0.06326923347502378,1.8566386958074645,0.9409557693948973,1,0.12124205023276476,10.0,11480.0,bo_loop
59.23788548883357,7.530627758424751,1.1334110246142926,0.04854628030839092,1.493819894471222,1,0.14384585554169219,10.0,11490.0,bo_loop
36.14213018679372,9.44417768901471,0.7820108444395046,1.2937229794962841,1.682225541697502,1,0.19625682390944668,10.0,11500.0,bo_loop
21.680859755730356,3.1334015463494644,0.01826872995234763,1.6258017916395513,0.346217594421079,1,0.09433999191074932,10.0,11510.0,bo_loop
47.08115237979929,6.507369135791675,0.08064790777246289,0.03103600829464792,0.008133078342654754,1,0.08591286114272512,10.0,11520.0,bo_loop
55.67216550208833,9.44979424585455,1.9746128077170642,0.6020657797262217,1.9400558450842442,1,0.19185392395537781,10.0,11530.0,bo_loop
25.36518799801373,3.0944731798037637,0.7154520583265975,1.361028422089976,0.011367795867495811,1,0.12377197067642097,10.0,11540.0,bo_loop
55.352706626900805,3.151210449072135,0.18672037932098928,1.9824506076510005,0.3253758886148743,1,0.12258563904060397,10.0,11550.0,bo_loop
31.288101892405443,3.945309707204707,0.5295617002896014,1.9411457103713161,1.9826809917145978,1,0.20322810761681934,10.0,11560.0,bo_loop
49.171088644121895,3.554108766609367,0.022552149541371858,1.9843804296082972,1.9810449584732375,1,0.16070473949156475,10.0,11570.0,bo_loop
59.65724012305598,5.418552100335836,0.6712513246263927,1.477803480527181,1.3750205039289833,1,0.14595048525673912,10.0,11580.0,bo_loop
31.099014265080896,4.6576024511006935,0.13631447120715334,1.0973128816468662,0.004001417422042852,1,0.10126446526297007,10.0,11590.0,bo_loop
59.31568529305645,6.925493255316015,1.0315150348442246,0.5705041456606985,0.3470632528696469,1,0.13281801918628633,10.0,11600.0,bo_loop
55.36709005449508,7.920803164607764,1.8774755298181502,1.9023076655670073,1.0354526426349633,1,0.128066817452426,10.0,11610.0,bo_loop
48.478300815664696,8.217552444081054,1.023093292864777,0.4755861579959335,0.41689603254052265,1,0.10999617746805258,10.0,11620.0,bo_loop
38.07469718393038,8.33674695013461,1.362306421749916,0.036077858996507395,1.0416182185812926,1,0.15730240237507312,10.0,11630.0,bo_loop
45.34910573874183,3.502157233170733,0.03677557168924106,0.7882895095138645,1.5244188965142547,1,0.1007707098008294,10.0,11640.0,bo_loop
35.18961581925574,3.0978965478232863,1.0284483084647322,1.141958053944458,0.33128524187153285,1,0.11467827146870525,10.0,11650.0,bo_loop
34.547726677909694,7.526284976169979,1.6623200547545474,1.8500511766224,1.8771263961155769,1,0.4292933917197507,10.0,11660.0,bo_loop
27.162370113263755,3.108694913849538,1.4159825573963074,0.46115907335688333,1.1104592865128762,1,0.17346845302512004,10.0,11670.0,bo_loop
29.378257954649953,6.067590924571732,1.993096899334516,0.86426368746697,1.3415861043594421,1,0.147436373291521,10.0,11680.0,bo_loop
54.88104467089501,3.768707484820035,1.85888447171467,1.1773692202274477,0.5553728342705475,1,0.14683961623566189,10.0,11690.0,bo_loop
32.12663922106914,5.93740834569676,1.1341294919598917,0.3112018153444984,0.026544244994437527,1,0.12648430830030985,10.0,11700.0,bo_loop
20.472054545207655,9.179007609141538,1.0861659104998638,0.13093970582959535,1.8795648019323183,1,0.1745136232674895,10.0,11710.0,bo_loop
20.84669256436776,3.384496143924959,1.648925671918043,0.5200256453444625,0.40827946775315427,1,0.1087234470515018,10.0,11720.0,bo_loop
32.60758620946577,6.192920758535891,1.946586059068335,1.9527008951643836,0.013723752671451095,1,0.11054574722781751,10.0,11730.0,bo_loop
50.06798206105534,6.571591718502027,1.9438546412069104,0.2246977583322587,1.9951724818105847,1,0.16731747731253704,10.0,11740.0,bo_loop
39.34684011318504,5.594640545389311,1.660344192776483,1.9884356141532356,1.380043617928763,1,0.1494745902157607,10.0,11750.0,bo_loop
54.768264157656006,3.0846587831362617,1.2967075429973722,1.5098222766691027,0.007903961966629014,1,0.11713406954690975,10.0,11760.0,bo_loop
45.072527527314655,9.398953790965047,1.4272975889109005,1.4904583279401789,0.013989443945006563,1,0.15578291180695047,10.0,11770.0,bo_loop
40.21272305033525,3.066422179093645,0.5843193373554962,1.1121275494593033,1.58357199380101,1,0.14517040947615734,10.0,11780.0,bo_loop
42.44961853556251,3.4073961845906484,1.9916918787319329,0.0932268148388744,1.2186483336034268,1,0.17490986310255216,10.0,11790.0,bo_loop
22.088308568488237,3.0564158498065788,1.4080729869662805,1.3641307372481757,0.4632272447192365,1,0.15686876954864495,10.0,11800.0,bo_loop
42.623692229510944,5.803596896700519,1.180504997520975,0.4878463569811662,0.6418733556944796,1,0.1390923062743134,10.0,11810.0,bo_loop
34.936716270171075,3.3207834972333985,0.32706718980066407,0.0020951728071438858,0.9401074364861781,1,0.12146873064148976,10.0,11820.0,bo_loop
28.107384112853335,6.08273713031328,1.5006700184250863,1.2012240542350787,0.10417592038192058,1,0.12552453808991204,10.0,11830.0,bo_loop
28.943122101572406,9.136959284060836,0.01164800808919697,1.2000464082216475,0.0366588911911816,1,0.07966332436915952,10.0,11840.0,bo_loop
43.01658829582749,5.604457550452415,1.9759822697977862,1.784306077903542,1.940755129374395,1,0.21642811354050032,10.0,11850.0,bo_loop
28.912609169375962,3.572008768106044,1.6525116723986333,0.9613562011945456,1.8582161412881302,1,0.20311501682664024,10.0,11860.0,bo_loop
33.62980907899157,4.103273985821649,0.026425928677279886,1.3884927618948806,1.2471156841062363,1,0.14584367138568657,10.0,11870.0,bo_loop
39.63430115920174,3.0433363076173574,0.464098348642372,0.5411266455726855,1.9924193016020544,1,0.20615468810582074,10.0,11880.0,bo_loop
59.72847874775203,5.5251912018299,0.11353877604680784,0.7690220420214624,1.1993965391596995,1,0.1216750707459546,10.0,11890.0,bo_loop
59.48515739221918,3.104773064538332,0.5749188403477381,0.4448749394858875,1.4384510909497972,1,0.18222445549747712,10.0,11900.0,bo_loop
23.03738948494886,5.800617140683062,0.007713299165437615,0.013081100578082872,0.5243375894515778,1,0.12194163663401625,10.0,11910.0,bo_loop
30.354456790269303,3.969765708642545,1.4864077709539738,1.9891882573709871,1.1769080881217555,1,0.16293741253612465,10.0,11920.0,bo_loop
33.007626703947956,3.0548068220449243,1.9049829801947749,0.4195072750201032,1.9065483969772765,1,0.2067716065424777,10.0,11930.0,bo_loop
32.01670401461638,4.96695951488633,0.7301523342215726,1.9610118578807942,0.34650032030259603,1,0.09978333198797446,10.0,11940.0,bo_loop
59.854290215359754,5.8393743122482515,1.892863080167199,1.6172563987492907,0.5777460231723037,1,0.15648446979936553,10.0,11950.0,bo_loop
58.45384989216911,3.2175635926253054,0.5696866183871059,0.1407130464651012,0.6769668237511564,1,0.10750821680564601,10.0,11960.0,bo_loop
55.544592467148895,7.939017602191197,3.478060532313698e-05,1.4122938447977147,1.219846425478083,1,0.11471787522813315,10.0,11970.0,bo_loop
31.278864866910435,5.911034284940559,0.6348462572873506,1.2112325096808796,0.3722207768888035,1,0.08864962709724444,10.0,11980.0,bo_loop
35.08065063574222,9.363756872630622,1.6222442953129033,1.9994912586876723,0.4420816183007146,1,0.16321163337750821,10.0,11990.0,bo_loop
32.60587522196272,8.591452837017233,0.083785895731745,0.1475047032089276,1.481117182405481,1,0.14355081400888642,10.0,12000.0,bo_loop
42.377354098756136,7.68342889974086,1.9606234478226334,0.8571313574440476,0.5295169420102763,1,0.17733223915264407,10.0,12010.0,bo_loop
20.861964897776076,6.569533190240204,1.946207896949845,1.4601480619232448,1.0593167001548744,1,0.19240137994147494,10.0,12020.0,bo_loop
26.360919606494694,9.497737602194302,0.5975979194250853,1.4036474748510166,1.9738297469505095,1,0.19645027189096523,10.0,12030.0,bo_loop
35.473772199271735,6.07532952401993,0.05051961989426279,1.3399100092340295,1.9723240101482022,1,0.17912762732526177,10.0,12040.0,bo_loop
43.11061447768913,9.391566575237993,0.25958506681641214,0.17671904473562905,0.6926574009007032,1,0.12696270647389138,10.0,12050.0,bo_loop
52.43608804695582,8.209614172643256,0.009466842762535288,1.636397319742052,0.10260858634732828,1,0.07706067162334725,10.0,12060.0,bo_loop
20.512402274837562,3.619131082318339,1.1911143424975128,0.570135776074882,0.001994220442693484,1,0.12311458475492189,10.0,12070.0,bo_loop
51.036910311488995,3.1490471294833524,0.6622302366758628,1.1988022729818422,0.47857821821361934,1,0.10250420514455777,10.0,12080.0,bo_loop
59.593919546996254,9.312641026460755,1.985127816749623,1.0031172305608331,0.8927768728417014,1,0.15997845724390655,10.0,12090.0,bo_loop
30.779021211130328,4.644569783806093,1.1574367343011194,0.027159563618091465,0.9010857109444752,1,0.141209256615128,10.0,12100.0,bo_loop
50.94900767939047,6.258589196705268,1.3102740403973718,1.895882490345459,0.2568100446922337,1,0.09744794227165327,10.0,12110.0,bo_loop
47.97934447959163,5.346435270258363,0.2171870792084143,1.802516527373773,0.5290535700065786,1,0.11752530665319293,10.0,12120.0,bo_loop
20.365817393638427,9.294206627124343,0.559066459287533,0.44907209320493235,0.46881607391883695,1,0.08948290919289167,10.0,12130.0,bo_loop
57.14325579585862,3.0741165931905554,1.3845030193041534,0.8753400946855139,0.30172025165712424,1,0.17300731605196787,10.0,12140.0,bo_loop
59.54167528426681,5.453607759598128,1.9560868641703462,1.5130364213920116,1.967671150418552,1,0.18842441753108144,10.0,12150.0,bo_loop
47.19042289627431,4.75037514390697,0.31826366818086815,0.04124449407804409,1.9902222348442051,1,0.2076321707952739,10.0,12160.0,bo_loop
58.61366801508454,9.167970090917704,0.5566632962411417,1.1989311438056565,1.9097695381080801,1,0.16060764923072585,10.0,12170.0,bo_loop
58.69943671271287,5.623259840553126,1.0850794882281847,1.1018621951039358,1.1410508256419987,1,0.16028081548728568,10.0,12180.0,bo_loop
59.844516683883874,3.0234249263973125,0.9357266906635859,1.451068254733367,1.2546077696328553,1,0.17341732623613582,10.0,12190.0,bo_loop
49.48404027497939,6.366389119547666,0.8781698404875473,0.4965972488562511,0.017051933401454056,1,0.13258593959943113,10.0,12200.0,bo_loop
48.513213621598254,7.3805139522309835,0.3391345991387358,1.288681687883671,0.00888780733422001,1,0.09603843138658281,10.0,12210.0,bo_loop
41.082671939040274,6.597125907111253,0.19877760105706854,0.5142510850185393,1.9867858130707143,1,0.1947222927860022,10.0,12220.0,bo_loop
29.828908647464072,4.608823410997259,1.7544830833075344,1.5499646289939442,0.7843538865715955,1,0.15999216283620887,10.0,12230.0,bo_loop
35.42463222584372,7.654531687284118,0.03568883737485584,0.02331083476776752,1.127261076780487,1,0.1919281978806466,10.0,12240.0,bo_loop
23.23816121647352,3.1160044927159305,1.517746116100964,1.6364765398364727,1.7538098750410387,1,0.1605908340676599,10.0,12250.0,bo_loop
41.10930289901137,5.071362555213312,1.432918125898596,0.4109574702304366,1.997955386237288,1,0.23802709430677144,10.0,12260.0,bo_loop
59.12113227778753,7.272351902404331,0.7420799141999321,1.2560315266065216,1.8956367976668627,1,0.16244965527705266,10.0,12270.0,bo_loop
29.508231094378342,5.265261880667293,1.9970869209098252,1.5404850200302767,1.9077110455700856,1,0.21712487762129704,10.0,12280.0,bo_loop
59.86454318306323,9.25614855280826,1.0582671484639525,0.8003709640070225,1.9612630819717485,1,0.19653564715360536,10.0,12290.0,bo_loop
45.611746983234475,4.0067764613592125,1.9788216463425765,1.157894519955476,1.1524469789106992,1,0.16759917857347462,10.0,12300.0,bo_loop
48.973845637597634,4.306418432055553,1.1472924779472997,1.2824793951389266,0.5719469066001468,1,0.16858014503576305,10.0,12310.0,bo_loop
47.19964366137856,3.1178865808933285,1.5522819978312512,0.461762678088216,1.8045199749787546,1,0.19232779046146603,10.0,12320.0,bo_loop
21.266789738061913,9.292800120020772,0.884093239067725,0.5169284424262781,1.0871799034692664,1,0.16379667819705077,10.0,12330.0,bo_loop
31.39021966153925,5.964952354045472,1.976078491780431,1.9298895274956376,1.1547826593230397,1,0.1406027868855646,10.0,12340.0,bo_loop
35.28987866807266,8.053414745851526,1.9769481207813202,0.008621132955646482,1.0134558187928515,1,0.31239333546446196,10.0,12350.0,bo_loop
33.59717992985485,7.441545758987646,1.682898799863193,1.8684237832005086,1.9764076663020855,1,0.28445950069444853,10.0,12360.0,bo_loop
20.254047041822133,7.701103723708705,1.9614914465586855,0.6689567630307858,1.8264510270612155,1,0.18473549287417912,10.0,12370.0,bo_loop
59.6727413604999,8.191731323669977,1.564137432841112,0.06762398912072509,0.4444542481651286,1,0.15737737261054804,10.0,12380.0,bo_loop
42.13029422760889,5.4220131722469525,1.9816674109419283,1.6091540081313578,0.08668199147386235,1,0.1260284381471098,10.0,12390.0,bo_loop
20.519546400929904,3.039674659274419,0.4355009465639854,0.587032999648017,1.9197960059846944,1,0.18908219394100026,10.0,12400.0,bo_loop
59.31104384040596,7.4158123184380615,0.44763572635408466,0.4900102567693301,1.962442696371058,1,0.1714007053784154,10.0,12410.0,bo_loop
53.55214310664485,9.487368785759664,1.0504245852807412,1.9491866597210534,0.4328521360940929,1,0.14708743652106934,10.0,12420.0,bo_loop
25.606461486242846,7.006328455360237,0.7920583348504733,1.6404791253283642,1.9835152164301542,1,0.2037897004231287,10.0,12430.0,bo_loop
30.683731188071892,5.917728078825236,0.35206949756816197,0.4374566837138838,0.3393726913786501,1,0.16860433748860007,10.0,12440.0,bo_loop
38.99227970517597,9.494605001907782,0.6768774863039824,1.427765450019258,0.0018663316285927323,1,0.1039313057431683,10.0,12450.0,bo_loop
32.79479423058346,4.56298581891002,0.45266802042634624,0.7545977357169407,1.590555042976859,1,0.1830791520970651,10.0,12460.0,bo_loop
58.69117617852696,4.628779851631679,0.8906567631763991,1.9684833733110958,1.6122150341085204,1,0.199816943929389,10.0,12470.0,bo_loop
35.18842530626113,3.915831596033666,1.5984261110245597,0.0002486004256079255,1.269282510720816,1,0.15270586378918655,10.0,12480.0,bo_loop
20.51712441696295,3.7426023145031784,0.5769618649903181,0.5315237651693365,0.007301735592217362,1,0.08653924748255004,10.0,12490.0,bo_loop
59.575683546596494,4.268381191151476,1.3680017002089602,0.33084622605029446,1.1133606024855305,1,0.1784013446715022,10.0,12500.0,bo_loop
28.376823619496776,9.205237244494441,0.7182512999542927,0.5183116084445769,0.01199967247735434,1,0.10336871359018693,10.0,12510.0,bo_loop
25.674643296124124,3.0457445324602137,0.29408644157902564,1.4296180674377212,1.8686888710947003,0,0.1896484845373292,10.0,12520.0,bo_loop
21.265148939494743,3.0106277217994815,1.997305091911896,0.43810282421416913,1.030771817374233,0,0.18058602308784732,10.0,12530.0,bo_loop
39.847551145105186,9.412576666126794,0.07820427611423719,0.9543484881257069,1.0087418062296516,0,0.093514466800212,10.0,12540.0,bo_loop
32.38947644277818,9.418258747372079,1.3200299776146545,0.5664420419411595,0.03460455189096612,0,0.12389740899346542,10.0,12550.0,bo_loop
34.495147301974164,3.258091353494506,1.1055236275652827,0.01037427606993302,1.8930603513492297,0,0.2128268494175595,10.0,12560.0,bo_loop
20.0306975276372,7.435600627251023,1.8335411964963866,1.670781585371698,1.4334698290123427,0,0.19544322856952717,10.0,12570.0,bo_loop
41.49070765252007,7.773929160679445,1.9932972294136524,0.24213490084922706,0.5790516573831046,0,0.13221257028756137,10.0,12580.0,bo_loop
20.69703449429103,8.354083406644552,1.749163173188986,0.5419204355895886,0.5210149956384269,0,0.10003531008841605,10.0,12590.0,bo_loop
28.30223084670916,5.436517322417972,1.9869750453903603,0.06152239910687185,0.36087362097364006,0,0.12198537423996163,10.0,12600.0,bo_loop
47.53892615136464,5.176710870024772,1.9518879435539034,0.520687627279971,0.8521731133865194,0,0.11588685282447642,10.0,12610.0,bo_loop
27.243737215788315,6.239954262634703,0.9646779328689721,0.9687482392726323,0.01515653120979632,0,0.13055377903859525,10.0,12620.0,bo_loop
20.003380917897125,9.49485204039076,0.06641034247798183,1.3933369809076182,1.495963610817166,0,0.10597355667309265,10.0,12630.0,bo_loop
59.30348507076087,4.223702442201253,1.518611168720187,0.4274343510843248,1.6718255244474178,0,0.17260900417393588,10.0,12640.0,bo_loop
41.32741441126644,9.349182379445363,0.4971148766145346,0.11658287706948123,1.9907943467893177,0,0.18037413476981828,10.0,12650.0,bo_loop
32.83994705241407,3.2833387793700552,0.43940966753906263,1.0871222169676655,1.9939426419037223,0,0.2082635529126768,10.0,12660.0,bo_loop
43.22633753756663,4.6999851486108755,1.131462789509971,1.712945577425275,1.1107192550645604,0,0.17009883368212236,10.0,12670.0,bo_loop
44.06531143440521,3.0338758457646686,1.3128290013987676,0.5312881105180425,0.06095869692767586,0,0.14738493886224097,10.0,12680.0,bo_loop
39.514070200565584,8.673504410159438,1.6978712489130954,1.9755529720593432,1.0714236484094968,0,0.1498800648768946,10.0,12690.0,bo_loop
51.199156724970464,7.632024411969657,0.644354376787938,0.016757039931056372,0.009991861108788136,0,0.0957686999047357,10.0,12700.0,bo_loop
39.34914161514399,7.778253362975703,0.3913604199855518,0.41689166879615036,0.591409661894313,0,0.1239365115444055,10.0,12710.0,bo_loop
42.20775263147559,9.354750221028507,0.010454210534235786,1.093786252253838,0.8065095640348956,0,0.12306239336371604,10.0,12720.0,bo_loop
47.51336942242226,5.799472512519868,1.997836825920596,0.6643905990066628,0.874870309488585,0,0.1379554423102696,10.0,12730.0,bo_loop
20.103793350802203,8.391164294584588,1.9768998676858132,0.5774189503049334,0.41030751341370064,0,0.11834972821381068,10.0,12740.0,bo_loop
45.633141435260725,5.920483996003847,0.8305997106560621,0.06148922463620021,0.972245405594881,0,0.12091377250007132,10.0,12750.0,bo_loop
29.646448833515294,3.0034908397635602,0.36413718356595703,1.343193615626112,1.6991551605613218,0,0.1618658856245443,10.0,12760.0,bo_loop
21.33252095901657,8.059260969250058,0.1175361990476147,0.09267773384533395,1.9985900141376474,0,0.14754426019922032,10.0,12770.0,bo_loop
27.063851852622,7.600540148463103,1.8402712340043137,0.048359136753397536,1.371518174501147,0,0.17941460029793907,10.0,12780.0,bo_loop
49.83588405333951,3.147683829807538,0.6689259179351197,0.4297039981654247,1.9309167284255977,0,0.20262982649835407,10.0,12790.0,bo_loop
32.71520208830657,6.914600363036302,1.2571606398338457,0.5444867299835889,0.6848550472834276,0,0.14114780701931162,10.0,12800.0,bo_loop
21.564791995599077,4.45912401192581,1.3858240525901955,1.132602799783963,0.01796691209442214,0,0.13455826011417515,10.0,12810.0,bo_loop
59.88625310852824,4.74403307974662,0.23317417251094263,0.8985081465325955,1.650738813698984,0,0.18862939321314154,10.0,12820.0,bo_loop
21.040898550038737,9.464791974825888,1.4453971933390857,0.43220485814210763,1.3791823361354585,0,0.14424710217816872,10.0,12830.0,bo_loop
29.678865994842454,3.0246490496142546,0.8972311477050807,0.08194545203535775,1.9577913043177249,0,0.22114043383457838,10.0,12840.0,bo_loop
32.518978673619436,3.2454484752040775,1.9772382116304923,0.9122058036751597,1.0979073055453266,0,0.14602850977989076,10.0,12850.0,bo_loop
33.84538939567727,3.017177350511435,0.0464354286491131,1.9755957549826435,0.7235662265663909,0,0.10890596636981141,10.0,12860.0,bo_loop
27.61557607339647,3.837926663023789,1.4644681205727768,0.00888085455017218,0.05495694992355937,0,0.14623716567986098,10.0,12870.0,bo_loop
43.85722060900115,3.348833607795809,0.23391124975774447,0.00046709650659293445,0.11115204100737675,0,0.09123631759104488,10.0,12880.0,bo_loop
58.65857184843231,4.731716976422764,1.2342519102913918,0.00017305350598117997,1.9477270532943658,0,0.1798179468400232,10.0,12890.0,bo_loop
40.96517578816238,7.960242211349419,1.6273082580485285,0.47897201937728373,1.369936342640764,0,0.16245315020004397,10.0,12900.0,bo_loop
50.09278335079923,4.951869786410548,0.9436280024846062,0.7301905970811409,1.4354412163449424,0,0.16207272974257192,10.0,12910.0,bo_loop
28.489222732951895,4.701242020770703,1.5438533300680437,0.3782849177709795,1.262112532524748,0,0.19266469614481135,10.0,12920.0,bo_loop
47.637570005594455,7.306918906703439,0.05345373395584896,1.9869443730546377,1.9200121302712048,0,0.1962047584697562,10.0,12930.0,bo_loop
38.26058297993264,9.499550970026112,0.006162708272580586,0.7470049945487631,0.9557536813391905,0,0.14190005267436112,10.0,12940.0,bo_loop
46.49101286840741,6.554413192736884,0.6728918847862775,0.30259454679607045,0.8746802788420587,0,0.18472194652162938,10.0,12950.0,bo_loop
43.8446527283585,6.443455620952803,0.7574796052777766,0.20033317172210907,0.8779954186226135,0,0.137217251535795,10.0,12960.0,bo_loop
20.91102751659733,4.775291688606437,1.6200060716778537,0.9368218608684571,0.47274118762606054,0,0.09665175607025622,10.0,12970.0,bo_loop
43.27302611703413,3.0930359544653983,0.8409761508817593,0.04489880844448502,1.6297707250537166,0,0.1690370772190966,10.0,12980.0,bo_loop
29.705502302918305,8.353590788386594,1.9975789801782349,0.5592357575407105,0.3986334786826755,0,0.1713939863219606,10.0,12990.0,bo_loop
58.8797673003722,4.64186665932956,1.5594665923393778,0.14533046770249647,1.584767387768798,0,0.1700143264154714,10.0,13000.0,bo_loop
35.60024344289131,7.56318881769211,1.6348223329201361,1.8028563504252864,1.938872647812905,2,11.385114791996706,2000.0,15000.0,final_pilot_exploitation
