scale,avg_noise_stddev,avg_bias_vs_pilot
micro,0.017955486366894438,-1.738298337132306
bench,0.07419447392520825,2.570328881553952
pilot,,0.0
